Channel Id,Channel Url,Channel Title
UC-2YHgc363EdcusLIBbgxzg,http://www.youtube.com/channel/UC-2YHgc363EdcusLIBbgxzg,Joe Scott
UC-2dITC2dWU1cimozDS2xAg,http://www.youtube.com/channel/UC-2dITC2dWU1cimozDS2xAg,HORIZON
UC-LM91jkqJdWFvm9B5G-w7Q,http://www.youtube.com/channel/UC-LM91jkqJdWFvm9B5G-w7Q,Alan Fisher
UC-OJ-24roEfQ_-PCnLJSckg,http://www.youtube.com/channel/UC-OJ-24roEfQ_-PCnLJSckg,Future Proof
UC-Qj80avWItNRjkZ41rzHyw,http://www.youtube.com/channel/UC-Qj80avWItNRjkZ41rzHyw,Soph's Notes
UC-YZHMC6sbVOz87M3VzrUww,http://www.youtube.com/channel/UC-YZHMC6sbVOz87M3VzrUww,Nimesh in Los Angeles
UC-kM5kL9CgjN9s9pim089gg,http://www.youtube.com/channel/UC-kM5kL9CgjN9s9pim089gg,Adam Conover
UC-nPM1_kSZf91ZGkcgy_95Q,http://www.youtube.com/channel/UC-nPM1_kSZf91ZGkcgy_95Q,How to ADHD
UC-sJ8u8eu_ivfzekwkue38g,http://www.youtube.com/channel/UC-sJ8u8eu_ivfzekwkue38g,Super GT
UC04KsGq3npibMCE9Td3mVDg,http://www.youtube.com/channel/UC04KsGq3npibMCE9Td3mVDg,Cheddar
UC0Bvd5NyXn-ZYPiWuoeK5jA,http://www.youtube.com/channel/UC0Bvd5NyXn-ZYPiWuoeK5jA,Mythical Modern
UC0HAW8tgFA_xEmeUupuRwiA,http://www.youtube.com/channel/UC0HAW8tgFA_xEmeUupuRwiA,Simon Caine
UC0KfjyvabuE2J-RBC6ko2Lw,http://www.youtube.com/channel/UC0KfjyvabuE2J-RBC6ko2Lw,Mac Address
UC0_CTubjGeDth7X0bxUTBTA,http://www.youtube.com/channel/UC0_CTubjGeDth7X0bxUTBTA,Atun-Shei Films
UC0fDG3byEcMtbOqPMymDNbw,http://www.youtube.com/channel/UC0fDG3byEcMtbOqPMymDNbw,Noclip - Video Game Documentaries
UC0intLFzLaudFG-xAvUEO-A,http://www.youtube.com/channel/UC0intLFzLaudFG-xAvUEO-A,Not Just Bikes
UC0p5jTq6Xx_DosDFxVXnWaQ,http://www.youtube.com/channel/UC0p5jTq6Xx_DosDFxVXnWaQ,The Economist
UC19xLluI7dG093Gmw57BhHw,http://www.youtube.com/channel/UC19xLluI7dG093Gmw57BhHw,NFKRZ
UC1D3yD4wlPMico0dss264XA,http://www.youtube.com/channel/UC1D3yD4wlPMico0dss264XA,NileBlue
UC1DTYW241WD64ah5BFWn4JA,http://www.youtube.com/channel/UC1DTYW241WD64ah5BFWn4JA,Sam O'Nella Academy
UC1H1NWNTG2Xi3pt85ykVSHA,http://www.youtube.com/channel/UC1H1NWNTG2Xi3pt85ykVSHA,Jordan Harrod
UC1JTQBa5QxZCpXrFSkMxmPw,http://www.youtube.com/channel/UC1JTQBa5QxZCpXrFSkMxmPw,Raycevick
UC1LpsuAUaKoMzzJSEt5WImw,http://www.youtube.com/channel/UC1LpsuAUaKoMzzJSEt5WImw,Asianometry
UC1ZBQ-F-yktYD4m5AzM6pww,http://www.youtube.com/channel/UC1ZBQ-F-yktYD4m5AzM6pww,Mustard
UC1Zc6_BhPXiCWZlrZP4EsEg,http://www.youtube.com/channel/UC1Zc6_BhPXiCWZlrZP4EsEg,History With Hilbert
UC1hiI8TEoA0db5HhU4gbsUg,http://www.youtube.com/channel/UC1hiI8TEoA0db5HhU4gbsUg,MobileReviewsEh
UC1qBXNO9sM4xV0wKC0_SlYQ,http://www.youtube.com/channel/UC1qBXNO9sM4xV0wKC0_SlYQ,Foreign Man in a Foreign Land
UC1v2bdQblPEcYdoKuJtY0lA,http://www.youtube.com/channel/UC1v2bdQblPEcYdoKuJtY0lA,Anna's Analysis
UC1yNl2E66ZzKApQdRuTQ4tw,http://www.youtube.com/channel/UC1yNl2E66ZzKApQdRuTQ4tw,Sabine Hossenfelder
UC22BdTgxefuvUivrjesETjg,http://www.youtube.com/channel/UC22BdTgxefuvUivrjesETjg,History Matters
UC2FIDwcjSgK3t2FoLtr9rjQ,http://www.youtube.com/channel/UC2FIDwcjSgK3t2FoLtr9rjQ,meikkon
UC2LVhJH_9cT2XKp0VAfsKOQ,http://www.youtube.com/channel/UC2LVhJH_9cT2XKp0VAfsKOQ,The Tim Traveller
UC2PA-AKmVpU6NKCGtZq_rKQ,http://www.youtube.com/channel/UC2PA-AKmVpU6NKCGtZq_rKQ,Philosophy Tube
UC2PcEPhxydGmXaAhd3pAwuA,http://www.youtube.com/channel/UC2PcEPhxydGmXaAhd3pAwuA,MuYe
UC2TX_q4Cy56SvG-avK0re6A,http://www.youtube.com/channel/UC2TX_q4Cy56SvG-avK0re6A,Ethereal Pineapple
UC2rzsm1Qi6N1X-wuOg_p0Ng,http://www.youtube.com/channel/UC2rzsm1Qi6N1X-wuOg_p0Ng,Project Farm
UC2xHMABk_sX2aC14-D7OhIw,http://www.youtube.com/channel/UC2xHMABk_sX2aC14-D7OhIw,Premodernist
UC3FVn6c7wThROIhW-P7UD1Q,http://www.youtube.com/channel/UC3FVn6c7wThROIhW-P7UD1Q,Cruisedaily
UC3JGnf8zOIQ06PGQ0Yb2_1Q,http://www.youtube.com/channel/UC3JGnf8zOIQ06PGQ0Yb2_1Q,Kelsey Rodriguez
UC3Lmytq3AlvcJ-34If_jDyw,http://www.youtube.com/channel/UC3Lmytq3AlvcJ-34If_jDyw,Jehtt
UC3S8vxwRfqLBdIhgRlDRVzw,http://www.youtube.com/channel/UC3S8vxwRfqLBdIhgRlDRVzw,stacksmashing
UC3WoPalcYf7d_x4DC2BXAfw,http://www.youtube.com/channel/UC3WoPalcYf7d_x4DC2BXAfw,jayvee
UC3XTzVzaHQEd30rQbuvCtTQ,http://www.youtube.com/channel/UC3XTzVzaHQEd30rQbuvCtTQ,LastWeekTonight
UC3c8H4Tlnm5M6pXsVMGnmNg,http://www.youtube.com/channel/UC3c8H4Tlnm5M6pXsVMGnmNg,Luke Miani
UC3cpN6gcJQqcCM6mxRUo_dA,http://www.youtube.com/channel/UC3cpN6gcJQqcCM6mxRUo_dA,Wendigoon
UC3fg6pL63upkXCc0T203wVg,http://www.youtube.com/channel/UC3fg6pL63upkXCc0T203wVg,Sara Dietschy
UC3kTDwUDoyJBOOgsGH2elcg,http://www.youtube.com/channel/UC3kTDwUDoyJBOOgsGH2elcg,Zebra Corner
UC3oJs1zKwlttqKvWQMA-xkQ,http://www.youtube.com/channel/UC3oJs1zKwlttqKvWQMA-xkQ,Dustin Brett
UC3ogrx6d9oohf6D42G44j1A,http://www.youtube.com/channel/UC3ogrx6d9oohf6D42G44j1A,Terrible Writing Advice
UC4Fu_PxKyYXszbDDhxrbxoA,http://www.youtube.com/channel/UC4Fu_PxKyYXszbDDhxrbxoA,tehsiewdai
UC4G10tk3AHFuyMIuD3rHOBA,http://www.youtube.com/channel/UC4G10tk3AHFuyMIuD3rHOBA,RDCworld1
UC4K10PNjqgGLKA3lo5V8KdQ,http://www.youtube.com/channel/UC4K10PNjqgGLKA3lo5V8KdQ,Above The Noise
UC4QZ_LsYcvcq7qOsOhpAX4A,http://www.youtube.com/channel/UC4QZ_LsYcvcq7qOsOhpAX4A,ColdFusion
UC4V_jMdRbbTrmBVJB6FDzgw,http://www.youtube.com/channel/UC4V_jMdRbbTrmBVJB6FDzgw,Unlearning Economics
UC4a9LfdavRlVMaSSWFdIciA,http://www.youtube.com/channel/UC4a9LfdavRlVMaSSWFdIciA,RobWords
UC4gEs2SNPr8GBNcdbQGnLjg,http://www.youtube.com/channel/UC4gEs2SNPr8GBNcdbQGnLjg,MDrepairs
UC4gHQVTdWoU40Lm-dqhe0UQ,http://www.youtube.com/channel/UC4gHQVTdWoU40Lm-dqhe0UQ,Chill Goblin
UC4pNDofN0Xh-z2bhh62g8Ow,http://www.youtube.com/channel/UC4pNDofN0Xh-z2bhh62g8Ow,Not What You Think
UC4qBrLQgM_WIrY4ImuSNRPA,http://www.youtube.com/channel/UC4qBrLQgM_WIrY4ImuSNRPA,The Flip Flop Traveller
UC52kszkc08-acFOuogFl5jw,http://www.youtube.com/channel/UC52kszkc08-acFOuogFl5jw,Tibees
UC54SLBnD5k5U3Q6N__UjbAw,http://www.youtube.com/channel/UC54SLBnD5k5U3Q6N__UjbAw,Chinese Cooking Demystified
UC5Axef4J11DIu17y2RKVqNQ,http://www.youtube.com/channel/UC5Axef4J11DIu17y2RKVqNQ,The Present Past
UC5G1ThclVYLp2YFQUodTNnA,http://www.youtube.com/channel/UC5G1ThclVYLp2YFQUodTNnA,Timbah.On.Toast
UC5_HIscbiDZM0dMX-nCksuA,http://www.youtube.com/channel/UC5_HIscbiDZM0dMX-nCksuA,Casual Navigation
UC5k3Kc0avyDJ2nG9Kxm9JmQ,http://www.youtube.com/channel/UC5k3Kc0avyDJ2nG9Kxm9JmQ,Bright Sun Films
UC5nlKFUNoskvV5XdW6PbgYw,http://www.youtube.com/channel/UC5nlKFUNoskvV5XdW6PbgYw,A Well-Rested Dog
UC5wT-aIWaUcGoAZYfN2Gs-A,http://www.youtube.com/channel/UC5wT-aIWaUcGoAZYfN2Gs-A,Explained with Dom
UC6-JmqeHcRIdA3ErhyUXlfA,http://www.youtube.com/channel/UC6-JmqeHcRIdA3ErhyUXlfA,Undefined
UC6-ymYjG0SU0jUWnWh9ZzEQ,http://www.youtube.com/channel/UC6-ymYjG0SU0jUWnWh9ZzEQ,Wisecrack
UC67dKTEwpAhKv2oYDATwR8g,http://www.youtube.com/channel/UC67dKTEwpAhKv2oYDATwR8g,Silver Cymbal
UC6Iy6MUrQNqlBiYgK4ulAUA,http://www.youtube.com/channel/UC6Iy6MUrQNqlBiYgK4ulAUA,Edusplainer
UC6Sb9ovFAXgX9-MNSDaLl0g,http://www.youtube.com/channel/UC6Sb9ovFAXgX9-MNSDaLl0g,Infra
UC6biysICWOJ-C3P4Tyeggzg,http://www.youtube.com/channel/UC6biysICWOJ-C3P4Tyeggzg,Low Level Learning
UC6e33n2Ap73dqftpXc93Sfg,http://www.youtube.com/channel/UC6e33n2Ap73dqftpXc93Sfg,SnowiestAngeman
UC6juUGSJu-RvOFi6DgJe1HQ,http://www.youtube.com/channel/UC6juUGSJu-RvOFi6DgJe1HQ,Robert Tolppi
UC6mIxFTvXkWQVEHPsEdflzQ,http://www.youtube.com/channel/UC6mIxFTvXkWQVEHPsEdflzQ,GreatScott!
UC6me-RzbQFQ-kRyr6BlGZWg,http://www.youtube.com/channel/UC6me-RzbQFQ-kRyr6BlGZWg,Paul E.T.
UC6n8I1UDTKP1IWjQMg6_TwA,http://www.youtube.com/channel/UC6n8I1UDTKP1IWjQMg6_TwA,The B1M
UC79XEdkEUufFjw7bCcC6rtg,http://www.youtube.com/channel/UC79XEdkEUufFjw7bCcC6rtg,Tim Chin Walks
UC7Jwj9fkrf1adN4fMmTkpug,http://www.youtube.com/channel/UC7Jwj9fkrf1adN4fMmTkpug,DankPods
UC7Jx8j3giv0rsDX0wgz9uGQ,http://www.youtube.com/channel/UC7Jx8j3giv0rsDX0wgz9uGQ,Tribunate
UC7SHYB0rC9WSSpsjaYpnkgA,http://www.youtube.com/channel/UC7SHYB0rC9WSSpsjaYpnkgA,Frank Laundry
UC7ga3FLMFOOpMQwaYoW42bw,http://www.youtube.com/channel/UC7ga3FLMFOOpMQwaYoW42bw,Grist
UC7oBk3kaXuku1HAOUSpEtQQ,http://www.youtube.com/channel/UC7oBk3kaXuku1HAOUSpEtQQ,Samperson
UC88hPnTdmBsMlN2jXoj_nnQ,http://www.youtube.com/channel/UC88hPnTdmBsMlN2jXoj_nnQ,1000 Landings
UC8CsGpP6kVNrWeBVmlJ2UyA,http://www.youtube.com/channel/UC8CsGpP6kVNrWeBVmlJ2UyA,Huggbees
UC8VgY3KgTajAdjj26Ei_8rA,http://www.youtube.com/channel/UC8VgY3KgTajAdjj26Ei_8rA,BubVisuals
UC8l1OH0DOYARGUTrqAcWW2w,http://www.youtube.com/channel/UC8l1OH0DOYARGUTrqAcWW2w,Carlos Maza
UC8omrijlG_oLoHSf9RUmB9g,http://www.youtube.com/channel/UC8omrijlG_oLoHSf9RUmB9g,DocuDubery
UC8qaibYjO4-MkyWXGoFOFtg,http://www.youtube.com/channel/UC8qaibYjO4-MkyWXGoFOFtg,City for All
UC8raOG7HXJoCUygx219fU4A,http://www.youtube.com/channel/UC8raOG7HXJoCUygx219fU4A,Christopher Lawley
UC9MleGGz_cpVah7jlmk4_Eg,http://www.youtube.com/channel/UC9MleGGz_cpVah7jlmk4_Eg,HowtoPolish
UC9RM-iSvTu1uPJb8X5yp3EQ,http://www.youtube.com/channel/UC9RM-iSvTu1uPJb8X5yp3EQ,Wendover Productions
UC9_p50tH3WmMslWRWKnM7dQ,http://www.youtube.com/channel/UC9_p50tH3WmMslWRWKnM7dQ,Adam Ragusea
UC9dPWTGc09DgEPInEKE_WKg,http://www.youtube.com/channel/UC9dPWTGc09DgEPInEKE_WKg,Sports Explained
UC9hKpjMxWev7U81xLZC_IWw,http://www.youtube.com/channel/UC9hKpjMxWev7U81xLZC_IWw,Bisi
UC9kMnSZQd53hE-1sb1f9sdA,http://www.youtube.com/channel/UC9kMnSZQd53hE-1sb1f9sdA,ADoseofBuckley
UC9noAFmvI-GrJ3AYExY70mQ,http://www.youtube.com/channel/UC9noAFmvI-GrJ3AYExY70mQ,LOX
UCA0g3liRXdpqyhxiQiE55tA,http://www.youtube.com/channel/UCA0g3liRXdpqyhxiQiE55tA,MinuteFood
UCAGoczn30zXWNy0BffJcpbw,http://www.youtube.com/channel/UCAGoczn30zXWNy0BffJcpbw,Peter Dibble
UCAHoOAB6wy04LvRW2vLffBQ,http://www.youtube.com/channel/UCAHoOAB6wy04LvRW2vLffBQ,Disaster Breakdown
UCAPNgdBawU_99suIN30uZGA,http://www.youtube.com/channel/UCAPNgdBawU_99suIN30uZGA,No Cap Gaming
UCASM0cgfkJxQ1ICmRilfHLw,http://www.youtube.com/channel/UCASM0cgfkJxQ1ICmRilfHLw,Patrick Boyle
UCAiEWppTvoNSHU939xhMb2g,http://www.youtube.com/channel/UCAiEWppTvoNSHU939xhMb2g,hoser
UCAuSCXOiU5AcEQ8Tl8R3ThQ,http://www.youtube.com/channel/UCAuSCXOiU5AcEQ8Tl8R3ThQ,fxcked up foods
UCAz17eZxF5tD7vNOEVgegKg,http://www.youtube.com/channel/UCAz17eZxF5tD7vNOEVgegKg,zentouro
UCB10rh_nI_5FSC2PBM2OdmQ,http://www.youtube.com/channel/UCB10rh_nI_5FSC2PBM2OdmQ,ISSIMI Official
UCB5zZAm0b5-EqWkOEwHBE_A,http://www.youtube.com/channel/UCB5zZAm0b5-EqWkOEwHBE_A,Arch
UCBJycsmduvYEL83R_U4JriQ,http://www.youtube.com/channel/UCBJycsmduvYEL83R_U4JriQ,Marques Brownlee
UCBKIpncsN7223P2zEATdPnw,http://www.youtube.com/channel/UCBKIpncsN7223P2zEATdPnw,Save Money Save the Planet
UCBa659QWEk1AI4Tg--mrJ2A,http://www.youtube.com/channel/UCBa659QWEk1AI4Tg--mrJ2A,Tom Scott
UCBn6YYmhnruGtEtlKxYbQ9A,http://www.youtube.com/channel/UCBn6YYmhnruGtEtlKxYbQ9A,K Klein
UCBr2W3nb0jPSnommNbbpMAw,http://www.youtube.com/channel/UCBr2W3nb0jPSnommNbbpMAw,economicshelp
UCC3ehuUksTyQ7bbjGntmx3Q,http://www.youtube.com/channel/UCC3ehuUksTyQ7bbjGntmx3Q,Perun
UCCKpicnIwBP3VPxBAZWDeNA,http://www.youtube.com/channel/UCCKpicnIwBP3VPxBAZWDeNA,Money & Macro
UCCNFCLWh1AA-qbyOyp8jlZg,http://www.youtube.com/channel/UCCNFCLWh1AA-qbyOyp8jlZg,BritMonkey
UCCOrp7GPgZA8EGrbOcIAsyQ,http://www.youtube.com/channel/UCCOrp7GPgZA8EGrbOcIAsyQ,Phone Repair Guru
UCCT8a7d6S6RJUivBgNRsiYg,http://www.youtube.com/channel/UCCT8a7d6S6RJUivBgNRsiYg,Three Arrows
UCCWeRTgd79JL0ilH0ZywSJA,http://www.youtube.com/channel/UCCWeRTgd79JL0ilH0ZywSJA,AlphaPhoenix
UCCgK6peZI5-FKDCWzMIFk2A,http://www.youtube.com/channel/UCCgK6peZI5-FKDCWzMIFk2A,Almost Friday TV
UCCrnCItH17W-64FDzjwOi5w,http://www.youtube.com/channel/UCCrnCItH17W-64FDzjwOi5w,The Science Elf
UCCu5wtZ5uOWZp_roz7wHPfg,http://www.youtube.com/channel/UCCu5wtZ5uOWZp_roz7wHPfg,ClimateAdam
UCDGuaewBqmqF5buNPnoT1Bg,http://www.youtube.com/channel/UCDGuaewBqmqF5buNPnoT1Bg,Wrestlelamia
UCDRmGMSgrtZkOsh_NQl4_xw,http://www.youtube.com/channel/UCDRmGMSgrtZkOsh_NQl4_xw,Secret Base
UCDXTQ8nWmx_EhZ2v-kp7QxA,http://www.youtube.com/channel/UCDXTQ8nWmx_EhZ2v-kp7QxA,Ben Felix
UCDcdv91SdfM0GnVqfBtl8CA,http://www.youtube.com/channel/UCDcdv91SdfM0GnVqfBtl8CA,Yet Another Urbanist
UCDlQwv99CovKafGvxyaiNDA,http://www.youtube.com/channel/UCDlQwv99CovKafGvxyaiNDA,Jonathan Morrison
UCDo9z8OXCI_5pwPwLNVs1Xw,http://www.youtube.com/channel/UCDo9z8OXCI_5pwPwLNVs1Xw,MorePllana
UCDq5v10l4wkV5-ZBIJJFbzQ,http://www.youtube.com/channel/UCDq5v10l4wkV5-ZBIJJFbzQ,Ethan Chlebowski
UCDueBtQxUur8WIEndrBHmAQ,http://www.youtube.com/channel/UCDueBtQxUur8WIEndrBHmAQ,Stephen Ford
UCDvlqaC-0dJIP21lMtzGcJQ,http://www.youtube.com/channel/UCDvlqaC-0dJIP21lMtzGcJQ,Alon Levy
UCDyqjn-9rKdcAe0gTMAkqyg,http://www.youtube.com/channel/UCDyqjn-9rKdcAe0gTMAkqyg,MattColbo
UCE15AMB_5cRRNjKUil9fGCg,http://www.youtube.com/channel/UCE15AMB_5cRRNjKUil9fGCg,Into Europe
UCE1jXbVAGJQEORz9nZqb5bQ,http://www.youtube.com/channel/UCE1jXbVAGJQEORz9nZqb5bQ,Ahoy
UCEDkO7wshcDZ7UZo17rPkzQ,http://www.youtube.com/channel/UCEDkO7wshcDZ7UZo17rPkzQ,mayuko
UCEF-9XhkdyFY0hMRUkmxXfQ,http://www.youtube.com/channel/UCEF-9XhkdyFY0hMRUkmxXfQ,Simply Aviation
UCEHFikgnRuLd1HYKTLrae9Q,http://www.youtube.com/channel/UCEHFikgnRuLd1HYKTLrae9Q,A Life Engineered
UCEHp_b02I0GvTYCBPX_0w1g,http://www.youtube.com/channel/UCEHp_b02I0GvTYCBPX_0w1g,Mariana Vieira
UCEKJKJ3FO-9SFv5x5BzyxhQ,http://www.youtube.com/channel/UCEKJKJ3FO-9SFv5x5BzyxhQ,2kliksphilip
UCEOXxzW2vU0P-0THehuIIeg,http://www.youtube.com/channel/UCEOXxzW2vU0P-0THehuIIeg,Captain Disillusion
UCEUPx_RbHwadQ6AwDBiiAFg,http://www.youtube.com/channel/UCEUPx_RbHwadQ6AwDBiiAFg,There I Ruined It
UCEVRlkXYhvrtfdqRNvydl3w,http://www.youtube.com/channel/UCEVRlkXYhvrtfdqRNvydl3w,TLDR Business
UCEbS5GE-OOsvRhn21Hw_fGQ,http://www.youtube.com/channel/UCEbS5GE-OOsvRhn21Hw_fGQ,Code Persist
UCEf4uZ0kAEr3o_d32xDXhSA,http://www.youtube.com/channel/UCEf4uZ0kAEr3o_d32xDXhSA,Luck Stat
UCEkB7k6e9ON3aJHMniJbEvA,http://www.youtube.com/channel/UCEkB7k6e9ON3aJHMniJbEvA,Better Places Podcast
UCF4BPm_9h3XOFl2pgSJIiNA,http://www.youtube.com/channel/UCF4BPm_9h3XOFl2pgSJIiNA,TJlovesFights
UCFCEuCsyWP0YkP3CZ3Mr01Q,http://www.youtube.com/channel/UCFCEuCsyWP0YkP3CZ3Mr01Q,The Plain Bagel
UCFJxE0l3cVYU4kHzi4qVEkw,http://www.youtube.com/channel/UCFJxE0l3cVYU4kHzi4qVEkw,Rebecca Watson
UCFLFc8Lpbwt4jPtY1_Ai5yA,http://www.youtube.com/channel/UCFLFc8Lpbwt4jPtY1_Ai5yA,LMG Clips
UCFLwN7vRu8M057qJF8TsBaA,http://www.youtube.com/channel/UCFLwN7vRu8M057qJF8TsBaA,UpIsNotJump
UCFPeP6HuRmAr_Q2Vfbxnlww,http://www.youtube.com/channel/UCFPeP6HuRmAr_Q2Vfbxnlww,MasterofRoflness
UCFbtcTaMFnOAP0pFO1L8hVw,http://www.youtube.com/channel/UCFbtcTaMFnOAP0pFO1L8hVw,Kyle Hill
UCFqXmQ56-Gp1rIKa-GoAJvQ,http://www.youtube.com/channel/UCFqXmQ56-Gp1rIKa-GoAJvQ,Andy Stapleton
UCFrj6EBhnHlWqmvuwH1Ue4g,http://www.youtube.com/channel/UCFrj6EBhnHlWqmvuwH1Ue4g,Fairbairn Films
UCGC97VugmI1kh8xhAZntsoA,http://www.youtube.com/channel/UCGC97VugmI1kh8xhAZntsoA,Dareios IV.
UCGHDQtN_vzFYJaq_Fx1eikg,http://www.youtube.com/channel/UCGHDQtN_vzFYJaq_Fx1eikg,Qxir
UCGS_2Mqg-ZzRL4Y73mg65NA,http://www.youtube.com/channel/UCGS_2Mqg-ZzRL4Y73mg65NA,Matthew Weathers
UCGUsu81fitNrOjYjuprqFMg,http://www.youtube.com/channel/UCGUsu81fitNrOjYjuprqFMg,Urban Cycling Institute
UCGYdWR8QUYn88lG0PBeJQ_g,http://www.youtube.com/channel/UCGYdWR8QUYn88lG0PBeJQ_g,A Better Computer
UCGaVdbSav8xWuFWTadK6loA,http://www.youtube.com/channel/UCGaVdbSav8xWuFWTadK6loA,vlogbrothers
UCGc8ZVCsrR3dAuhvUbkbToQ,http://www.youtube.com/channel/UCGc8ZVCsrR3dAuhvUbkbToQ,City Beautiful
UCGlA-pNFzcv0ZIqS3F6C4-A,http://www.youtube.com/channel/UCGlA-pNFzcv0ZIqS3F6C4-A,Armin Nemeth
UCGo22VEt5enuQHeQTXcPuzw,http://www.youtube.com/channel/UCGo22VEt5enuQHeQTXcPuzw,Exploring the Simulation
UCGq3OyOoLPYj4Oyk1DWnKxQ,http://www.youtube.com/channel/UCGq3OyOoLPYj4Oyk1DWnKxQ,Railways Explained
UCHC4G4X-OR5WkY-IquRGa3Q,http://www.youtube.com/channel/UCHC4G4X-OR5WkY-IquRGa3Q,Tom Scott plus
UCHL9bfHTxCMi-7vfxQ-AYtg,http://www.youtube.com/channel/UCHL9bfHTxCMi-7vfxQ-AYtg,Abroad in Japan
UCHYoe8kQ-7Gn9ASOlmI0k6Q,http://www.youtube.com/channel/UCHYoe8kQ-7Gn9ASOlmI0k6Q,The Food Theorists
UCHdluULl5c7bilx1x1TGzJQ,http://www.youtube.com/channel/UCHdluULl5c7bilx1x1TGzJQ,Feature History
UCHhnS5M4EeNduNu5vP80L0w,http://www.youtube.com/channel/UCHhnS5M4EeNduNu5vP80L0w,Moon Channel
UCHiJHOoJkjGr28MQb7TzYcg,http://www.youtube.com/channel/UCHiJHOoJkjGr28MQb7TzYcg,Paige Saunders
UCHmDySLF9yQVC1oTwZKWtSQ,http://www.youtube.com/channel/UCHmDySLF9yQVC1oTwZKWtSQ,Alex Webb
UCHnyfMqiRRG1u-2MsSQLbXA,http://www.youtube.com/channel/UCHnyfMqiRRG1u-2MsSQLbXA,Veritasium
UCI6ozOSnltq6mx5pcr0qSLA,http://www.youtube.com/channel/UCI6ozOSnltq6mx5pcr0qSLA,CanadianComputerCollector
UCIFpfSTM-3X3NpwVoh7VviQ,http://www.youtube.com/channel/UCIFpfSTM-3X3NpwVoh7VviQ,Airspace
UCIa6gVS7sStLPruv3mhoXQg,http://www.youtube.com/channel/UCIa6gVS7sStLPruv3mhoXQg,Leo Succulent in English 
UCImIJxyJRQeAmh8F8J2vV0Q,http://www.youtube.com/channel/UCImIJxyJRQeAmh8F8J2vV0Q,Ankur Shah
UCIwh6_wAbswNuPbRYM4gtww,http://www.youtube.com/channel/UCIwh6_wAbswNuPbRYM4gtww,Urbaburble
UCIxwcmTDBLniq6m7T3p_30Q,http://www.youtube.com/channel/UCIxwcmTDBLniq6m7T3p_30Q,Storytime With Jeff
UCJ0kahbGTnqv1qUFi8jGumw,http://www.youtube.com/channel/UCJ0kahbGTnqv1qUFi8jGumw,BC Productions
UCJ24N4O0bP7LGLBDvye7oCA,http://www.youtube.com/channel/UCJ24N4O0bP7LGLBDvye7oCA,Matt D'Avella
UCJ2SN2gN1dmrFBEo6TWIzOw,http://www.youtube.com/channel/UCJ2SN2gN1dmrFBEo6TWIzOw,Debunk the Funk with Dr. Wilson
UCJDIGW0ywWw9Kh9_vtwqxXA,http://www.youtube.com/channel/UCJDIGW0ywWw9Kh9_vtwqxXA,William Spaniel
UCJLKwTg0IaSMoq6hLHT3CAA,http://www.youtube.com/channel/UCJLKwTg0IaSMoq6hLHT3CAA,Ordinary Sausage
UCJLZe_NoiG0hT7QCX_9vmqw,http://www.youtube.com/channel/UCJLZe_NoiG0hT7QCX_9vmqw,I did a thing
UCJOh5FKisc0hUlEeWFBlD-w,http://www.youtube.com/channel/UCJOh5FKisc0hUlEeWFBlD-w,jan Misali
UCJRLyQRpRQCJTRoV7oB2eHA,http://www.youtube.com/channel/UCJRLyQRpRQCJTRoV7oB2eHA,ColourShedProductions
UCJZV6sai-juDs4zAbAMVhfA,http://www.youtube.com/channel/UCJZV6sai-juDs4zAbAMVhfA,Eco Gecko
UCJ_2hNMxOzNjviJBiLWHMqg,http://www.youtube.com/channel/UCJ_2hNMxOzNjviJBiLWHMqg,DamiLee
UCJcWDNh9E6AoVW4nsMXyVCw,http://www.youtube.com/channel/UCJcWDNh9E6AoVW4nsMXyVCw,Molly White
UCJf75w2HR16-MrqcG3xdHyQ,http://www.youtube.com/channel/UCJf75w2HR16-MrqcG3xdHyQ,Echo Of Truth
UCJfJWct8jN1RpCuVWk3zHTA,http://www.youtube.com/channel/UCJfJWct8jN1RpCuVWk3zHTA,Daryl Talks Games
UCJmkopWuQxI9U0NQaOcl68Q,http://www.youtube.com/channel/UCJmkopWuQxI9U0NQaOcl68Q,Josh Cahill
UCK2Dxvy9H1NojirvaxnEnqw,http://www.youtube.com/channel/UCK2Dxvy9H1NojirvaxnEnqw,Terra Mater
UCKGMrHJRXyM_WmPKS-lvE2A,http://www.youtube.com/channel/UCKGMrHJRXyM_WmPKS-lvE2A,Casey Aonso
UCKGe7fZ_S788Jaspxg-_5Sg,http://www.youtube.com/channel/UCKGe7fZ_S788Jaspxg-_5Sg,The PC Security Channel
UCKH_iLhhkTyt8Dk4dmeCQ9w,http://www.youtube.com/channel/UCKH_iLhhkTyt8Dk4dmeCQ9w,Illinois EnergyProf
UCKOvOaJv4GK-oDqx-sj7VVg,http://www.youtube.com/channel/UCKOvOaJv4GK-oDqx-sj7VVg,Chubbyemu
UCKS-DNHu6BYk9fxH-jCdV_g,http://www.youtube.com/channel/UCKS-DNHu6BYk9fxH-jCdV_g,Mini Air Crash Investigation
UCKaYxkHrmsQePZFpzF9b7sQ,http://www.youtube.com/channel/UCKaYxkHrmsQePZFpzF9b7sQ,Mr. P Solver
UCKeWa-oHaZ7L8m4S0XDyIWg,http://www.youtube.com/channel/UCKeWa-oHaZ7L8m4S0XDyIWg,Andrew Finance
UCKmRvDaJAdcna-kYW0Kxnfg,http://www.youtube.com/channel/UCKmRvDaJAdcna-kYW0Kxnfg,The Corporate Hitman
UCL2QpphEeZFYwk6-WXD6hpA,http://www.youtube.com/channel/UCL2QpphEeZFYwk6-WXD6hpA,Dr. Tracey Marks
UCL6JmiMXKoXS6bpP1D3bk8g,http://www.youtube.com/channel/UCL6JmiMXKoXS6bpP1D3bk8g,Donut
UCL8w_A8p8P1HWI3k6PR5Z6w,http://www.youtube.com/channel/UCL8w_A8p8P1HWI3k6PR5Z6w,Two Cents
UCL9lD-42AoRGEfzAlO3jBsw,http://www.youtube.com/channel/UCL9lD-42AoRGEfzAlO3jBsw,Unpoetic Justice
UCLLcQS7DNfSUzZlrKxT5OcQ,http://www.youtube.com/channel/UCLLcQS7DNfSUzZlrKxT5OcQ,Beautiful Technologies
UCLSh2s2hsYnyhgn_al4B2bw,http://www.youtube.com/channel/UCLSh2s2hsYnyhgn_al4B2bw,Levi & Leah
UCLWhUMyfMHt4E92oBgWu60w,http://www.youtube.com/channel/UCLWhUMyfMHt4E92oBgWu60w,techless
UCLXo7UDZvByw2ixzpQCufnA,http://www.youtube.com/channel/UCLXo7UDZvByw2ixzpQCufnA,Vox
UCLe_q9axMaeTbjN0hy1Z9xA,http://www.youtube.com/channel/UCLe_q9axMaeTbjN0hy1Z9xA,Caleb Hammer
UCLgTr0PFPCmvhgiuZ4d4xvw,http://www.youtube.com/channel/UCLgTr0PFPCmvhgiuZ4d4xvw,Mostly True
UCLnIL_Xw3dV-4TyKTp0LDUg,http://www.youtube.com/channel/UCLnIL_Xw3dV-4TyKTp0LDUg,The Icarus Project
UCMAq5Bo8v9E9oe-cm6Dt6_A,http://www.youtube.com/channel/UCMAq5Bo8v9E9oe-cm6Dt6_A,12th Hour
UCMOqf8ab-42UUQIdVoKwjlQ,http://www.youtube.com/channel/UCMOqf8ab-42UUQIdVoKwjlQ,Practical Engineering
UCMb0O2CdPBNi-QqPk5T3gsQ,http://www.youtube.com/channel/UCMb0O2CdPBNi-QqPk5T3gsQ,James Hoffmann
UCMiJRAwDNSNzuYeN2uWa0pA,http://www.youtube.com/channel/UCMiJRAwDNSNzuYeN2uWa0pA,Mrwhosetheboss
UCMp-0bU-PA7BNNR-zIvEydA,http://www.youtube.com/channel/UCMp-0bU-PA7BNNR-zIvEydA,Noel Deyzel
UCN0Ms3VmhcLlNVMk41zBOIw,http://www.youtube.com/channel/UCN0Ms3VmhcLlNVMk41zBOIw,nappyheadedjojoba
UCN1Ew9bj3uc59nwZ2M5beSw,http://www.youtube.com/channel/UCN1Ew9bj3uc59nwZ2M5beSw,GxAce
UCN3FtxTrTFLni3wjRubbN4Q,http://www.youtube.com/channel/UCN3FtxTrTFLni3wjRubbN4Q,Jordan Theresa
UCN5CBM1NkqDYAHgS-AbgGHA,http://www.youtube.com/channel/UCN5CBM1NkqDYAHgS-AbgGHA,Oh The Urbanity!
UCN5mhhJYPcNUKBMZkR5Nfzg,http://www.youtube.com/channel/UCN5mhhJYPcNUKBMZkR5Nfzg,The Cynical Historian
UCNi3K9HUzuTmILZH0iGupkw,http://www.youtube.com/channel/UCNi3K9HUzuTmILZH0iGupkw,Geekerwan
UCNmv0SUwrOkEqadKneNRwHg,http://www.youtube.com/channel/UCNmv0SUwrOkEqadKneNRwHg,Niki Proshin
UCNsvLV955XWEgKUfkDVbtpg,http://www.youtube.com/channel/UCNsvLV955XWEgKUfkDVbtpg,Going Green
UCNt-VKnOf-6-vVYqdiI_K8g,http://www.youtube.com/channel/UCNt-VKnOf-6-vVYqdiI_K8g,AllThingsOnePlace
UCO-hn9MJOu7pOUdGSabKGvA,http://www.youtube.com/channel/UCO-hn9MJOu7pOUdGSabKGvA,Actualol
UCO2x-p9gg9TLKneXlibGR7w,http://www.youtube.com/channel/UCO2x-p9gg9TLKneXlibGR7w,Snazzy Labs
UCO5cuVeVi2WhSNFPL3szJ7A,http://www.youtube.com/channel/UCO5cuVeVi2WhSNFPL3szJ7A,Flavor Lab
UCO8DQrSp5yEP937qNqTooOw,http://www.youtube.com/channel/UCO8DQrSp5yEP937qNqTooOw,Strange Parts
UCOBH3_o34Z76JrA0o6pLNXQ,http://www.youtube.com/channel/UCOBH3_o34Z76JrA0o6pLNXQ,Foodverge
UCOCCcqrqdsEqlkMjZwEYwSA,http://www.youtube.com/channel/UCOCCcqrqdsEqlkMjZwEYwSA,Denki
UCOTgNyfQG4vVP5sCXrJaS4g,http://www.youtube.com/channel/UCOTgNyfQG4vVP5sCXrJaS4g,Economics Explained Essentials
UCOY6nAvXpLem0XczOq3wYQA,http://www.youtube.com/channel/UCOY6nAvXpLem0XczOq3wYQA,Du Cinema
UCOcphUKAnUaair1uZ7SlqiA,http://www.youtube.com/channel/UCOcphUKAnUaair1uZ7SlqiA,Extranet Shaquille
UCOujgO5S-Zn8DqpFrvzeIqA,http://www.youtube.com/channel/UCOujgO5S-Zn8DqpFrvzeIqA,wow_mao
UCOxF_2xAQiuBcOauzDnNWrw,http://www.youtube.com/channel/UCOxF_2xAQiuBcOauzDnNWrw,Building Beautifully
UCP1aB3f1OkICupQ3ND_aN8g,http://www.youtube.com/channel/UCP1aB3f1OkICupQ3ND_aN8g,Salari
UCP2cNcC-2pqDRCFeFO4JLLw,http://www.youtube.com/channel/UCP2cNcC-2pqDRCFeFO4JLLw,MrGreen
UCP5tjEmvPItGyLhmjdwP7Ww,http://www.youtube.com/channel/UCP5tjEmvPItGyLhmjdwP7Ww,RealLifeLore
UCPIBtu2SBuW_VFHwKwDOtYg,http://www.youtube.com/channel/UCPIBtu2SBuW_VFHwKwDOtYg,minimme
UCPUe9uOcp1UMpVi6Vll60Jw,http://www.youtube.com/channel/UCPUe9uOcp1UMpVi6Vll60Jw,Garbaj
UCPWDTXx6AlYrGOjJyIDX_dg,http://www.youtube.com/channel/UCPWDTXx6AlYrGOjJyIDX_dg,〚Mild Conviction〛
UCPbwhExawYrn9xxI21TFfyw,http://www.youtube.com/channel/UCPbwhExawYrn9xxI21TFfyw,Pragmatic Engineer
UCPdaxSov0mgwh77JvjQO2jQ,http://www.youtube.com/channel/UCPdaxSov0mgwh77JvjQO2jQ,Man Carrying Thing
UCPsZ_0SkFdi551iYTG04R2g,http://www.youtube.com/channel/UCPsZ_0SkFdi551iYTG04R2g,CDawgVA
UCPtI8sjY16YZpH_KgiDpR0Q,http://www.youtube.com/channel/UCPtI8sjY16YZpH_KgiDpR0Q,Bijan Stephen
UCQ3mIbmNwHhz72Ap5supZVg,http://www.youtube.com/channel/UCQ3mIbmNwHhz72Ap5supZVg,The Engineering Hub
UCQ6fPy9wr7qnMxAbFOGBaLw,http://www.youtube.com/channel/UCQ6fPy9wr7qnMxAbFOGBaLw,Computer Clan
UCQDhxkSxZA6lxdeXE19aoRA,http://www.youtube.com/channel/UCQDhxkSxZA6lxdeXE19aoRA,Hugh Jeffreys
UCQG9nN7aOAcZZZiaFV9UxPA,http://www.youtube.com/channel/UCQG9nN7aOAcZZZiaFV9UxPA,Coby Explanes
UCQKAoOBbvp9dkaD4R1ErN4g,http://www.youtube.com/channel/UCQKAoOBbvp9dkaD4R1ErN4g,Resyndicated
UCQL5ABUvwY7YoW5lgMyAS_w,http://www.youtube.com/channel/UCQL5ABUvwY7YoW5lgMyAS_w,WheezyWaiter
UCQMyhrt92_8XM0KgZH6VnRg,http://www.youtube.com/channel/UCQMyhrt92_8XM0KgZH6VnRg,Company Man
UCQSEAbOs6vsJfy7WN7iYaGQ,http://www.youtube.com/channel/UCQSEAbOs6vsJfy7WN7iYaGQ,EazySpeezy
UCQSpnDG3YsFNf5-qHocF-WQ,http://www.youtube.com/channel/UCQSpnDG3YsFNf5-qHocF-WQ,ThioJoe
UCQVsTJx31Q_6o1bW9BHaO2w,http://www.youtube.com/channel/UCQVsTJx31Q_6o1bW9BHaO2w,Intelexual Media
UCQb22imbIqKKWOC98C8Rm2A,http://www.youtube.com/channel/UCQb22imbIqKKWOC98C8Rm2A,TMM
UCQbt6d4y97D9QNRhZ2y2F6A,http://www.youtube.com/channel/UCQbt6d4y97D9QNRhZ2y2F6A,Thane Bishop
UCQkBkZsbHnnzi7zIrZMj6vQ,http://www.youtube.com/channel/UCQkBkZsbHnnzi7zIrZMj6vQ,Airways Magazine
UCQkd05iAYed2-LOmhjzDG6g,http://www.youtube.com/channel/UCQkd05iAYed2-LOmhjzDG6g,LowSpecGamer
UCQpltQMhYFvyeS5M6P0Zg-Q,http://www.youtube.com/channel/UCQpltQMhYFvyeS5M6P0Zg-Q,HeyIt'sVadim
UCQsVHxaaNT0CQPKDm-yQs5w,http://www.youtube.com/channel/UCQsVHxaaNT0CQPKDm-yQs5w,Urban Jersey Guy
UCQzn1dK9Dx6Ft6NnEJ7S91Q,http://www.youtube.com/channel/UCQzn1dK9Dx6Ft6NnEJ7S91Q,Adam Grasso
UCR-bDim601duNtO84kL2ifw,http://www.youtube.com/channel/UCR-bDim601duNtO84kL2ifw,Petar Economics
UCR0AnNR7sViH3TWMJl5jyxw,http://www.youtube.com/channel/UCR0AnNR7sViH3TWMJl5jyxw,Jon Rettinger
UCR1IuLEqb6UEA_zQ81kwXfg,http://www.youtube.com/channel/UCR1IuLEqb6UEA_zQ81kwXfg,Real Engineering
UCRBwLPbXGsI2cJe9W1zfSjQ,http://www.youtube.com/channel/UCRBwLPbXGsI2cJe9W1zfSjQ,Just Have a Think
UCRRr_xrOm66qaigIbwFLvbQ,http://www.youtube.com/channel/UCRRr_xrOm66qaigIbwFLvbQ,Simon Clark
UCRUQtUghDrC6EUYckaKE3mw,http://www.youtube.com/channel/UCRUQtUghDrC6EUYckaKE3mw,Kuncan Dastner
UCRXHXndcp1-UYtbuahLpCaQ,http://www.youtube.com/channel/UCRXHXndcp1-UYtbuahLpCaQ,Bible Unboxed
UCRYeRa2iUMd8An1WTPIP2bw,http://www.youtube.com/channel/UCRYeRa2iUMd8An1WTPIP2bw,aChair Leg
UCRzpegmIukwzuSbMcJ3hPZg,http://www.youtube.com/channel/UCRzpegmIukwzuSbMcJ3hPZg,Always Bet On Dunc
UCSDiMahT5qDCjoWtzruztkw,http://www.youtube.com/channel/UCSDiMahT5qDCjoWtzruztkw,ambiguousamphibian
UCSIvk78tK2TiviLQn4fSHaw,http://www.youtube.com/channel/UCSIvk78tK2TiviLQn4fSHaw,Up and Atom
UCSPLhwvj0gBufjDRzSQb3GQ,http://www.youtube.com/channel/UCSPLhwvj0gBufjDRzSQb3GQ,BobbyBroccoli
UCSPYNpQ2fHv9HJ-q6MIMaPw,http://www.youtube.com/channel/UCSPYNpQ2fHv9HJ-q6MIMaPw,The Financial Diet
UCSX0NhNdBA-ZnEFkYFzdw4A,http://www.youtube.com/channel/UCSX0NhNdBA-ZnEFkYFzdw4A,Dogen
UCSaUrlltLDESXg5j9CXOmKw,http://www.youtube.com/channel/UCSaUrlltLDESXg5j9CXOmKw,Manley Reviews
UCSillZr7X-5u-j_-ps_ijqA,http://www.youtube.com/channel/UCSillZr7X-5u-j_-ps_ijqA,nang
UCSju5G2aFaWMqn-_0YBtq5A,http://www.youtube.com/channel/UCSju5G2aFaWMqn-_0YBtq5A,Stand-up Maths
UCSl5Uxu2LyaoAoMMGp6oTJA,http://www.youtube.com/channel/UCSl5Uxu2LyaoAoMMGp6oTJA,Atomic Shrimp
UCSsHJShN9qNXqXD1j2emaqg,http://www.youtube.com/channel/UCSsHJShN9qNXqXD1j2emaqg,Kalos Likes Computers
UCT0dmfFCLWuVKPWZ6wcdKyg,http://www.youtube.com/channel/UCT0dmfFCLWuVKPWZ6wcdKyg,James Jani
UCT39HQq5eDKonaUV8ujiBCQ,http://www.youtube.com/channel/UCT39HQq5eDKonaUV8ujiBCQ,Beckisphere Climate Corner
UCT3wwJBh8fwePiNC63NlzCA,http://www.youtube.com/channel/UCT3wwJBh8fwePiNC63NlzCA,Simple Flying
UCT5C7yaO3RVuOgwP8JVAujQ,http://www.youtube.com/channel/UCT5C7yaO3RVuOgwP8JVAujQ,Taskmaster
UCTFHUfDvKi_rprt0-inz0Kw,http://www.youtube.com/channel/UCTFHUfDvKi_rprt0-inz0Kw,how is toast - hilarious history
UCTRM8LE1g6UXrVZKwgw5oEA,http://www.youtube.com/channel/UCTRM8LE1g6UXrVZKwgw5oEA,Kurtis Baute
UCTbcSRduRJJTMaQhUVqywRw,http://www.youtube.com/channel/UCTbcSRduRJJTMaQhUVqywRw,Mentour Now!
UCTeYrzSQ3YCp3RovGH4y8Ew,http://www.youtube.com/channel/UCTeYrzSQ3YCp3RovGH4y8Ew,Strong Towns
UCTpP1crxvOEvT5NMA-K68ng,http://www.youtube.com/channel/UCTpP1crxvOEvT5NMA-K68ng,Dayo Aworunse
UCU1Vj-zYwFWZQVCjdUx-o4Q,http://www.youtube.com/channel/UCU1Vj-zYwFWZQVCjdUx-o4Q,Mileage Mike
UCU5adS8d-YX7GbJcnH0x6uA,http://www.youtube.com/channel/UCU5adS8d-YX7GbJcnH0x6uA,SuperfastMatt
UCUFFEUz90LrwAtFFzlMNqLw,http://www.youtube.com/channel/UCUFFEUz90LrwAtFFzlMNqLw,Distilled
UCUFFHXvzAMRSD8Bq4bJppxQ,http://www.youtube.com/channel/UCUFFHXvzAMRSD8Bq4bJppxQ,Elizabeth Filips
UCUGfeKPhDhWW0EMnqbpdCAQ,http://www.youtube.com/channel/UCUGfeKPhDhWW0EMnqbpdCAQ,Long Haul by Simple Flying
UCUMZ7gohGI9HcU9VNsr2FJQ,http://www.youtube.com/channel/UCUMZ7gohGI9HcU9VNsr2FJQ,Bloomberg Originals
UCUNvcId-pHpVBi4ygIZEYfw,http://www.youtube.com/channel/UCUNvcId-pHpVBi4ygIZEYfw,Cynthia Zhou
UCUQT7OnkOVHs6rN2lnJuzpA,http://www.youtube.com/channel/UCUQT7OnkOVHs6rN2lnJuzpA,gasc0ny
UCUQo7nzH1sXVpzL92VesANw,http://www.youtube.com/channel/UCUQo7nzH1sXVpzL92VesANw,DIY Perks
UCUjc7uDpLGSsvAyb2SxGUCQ,http://www.youtube.com/channel/UCUjc7uDpLGSsvAyb2SxGUCQ,Don't Save The Game
UCUq3Rn72jfQ-86CaCxj7XzA,http://www.youtube.com/channel/UCUq3Rn72jfQ-86CaCxj7XzA,Created Tech
UCV0OPCa5_LS8SWp118FRHIA,http://www.youtube.com/channel/UCV0OPCa5_LS8SWp118FRHIA,Spencer Cornelia
UCV5vCi3jPJdURZwAOO_FNfQ,http://www.youtube.com/channel/UCV5vCi3jPJdURZwAOO_FNfQ,The Thought Emporium
UCV66hp0qxx2Xq273N0bo7uQ,http://www.youtube.com/channel/UCV66hp0qxx2Xq273N0bo7uQ,"Rena Malik, M.D."
UCV6mNrW8CrmWtcxWfQXy11g,http://www.youtube.com/channel/UCV6mNrW8CrmWtcxWfQXy11g,DarkViperAU
UCVH8lH7ZLDUe_d9mZ3dlyYQ,http://www.youtube.com/channel/UCVH8lH7ZLDUe_d9mZ3dlyYQ,xplrd
UCVJ65ACOGn5FCitRoD9qXEw,http://www.youtube.com/channel/UCVJ65ACOGn5FCitRoD9qXEw,Charlie Anderson
UCVSHXNNBitaPd5lYz48--yg,http://www.youtube.com/channel/UCVSHXNNBitaPd5lYz48--yg,Tech Ingredients
UCVVuMYbE98poTzS5Ohmz2DA,http://www.youtube.com/channel/UCVVuMYbE98poTzS5Ohmz2DA,SideQuest
UCVWhVAZwCdQsPZL-mDLcxPQ,http://www.youtube.com/channel/UCVWhVAZwCdQsPZL-mDLcxPQ,Whitelight
UCVo8Tg95k8NmmlOBf-GwvJA,http://www.youtube.com/channel/UCVo8Tg95k8NmmlOBf-GwvJA,Peter Davies
UCVovvq34gd0ps5cVYNZrc7A,http://www.youtube.com/channel/UCVovvq34gd0ps5cVYNZrc7A,Explosions&Fire
UCVu0MlrvD-2siRakaJ6JeoA,http://www.youtube.com/channel/UCVu0MlrvD-2siRakaJ6JeoA,Badger Goodger
UCVvQaz3iacauaN9xiqbEcqw,http://www.youtube.com/channel/UCVvQaz3iacauaN9xiqbEcqw,Onwards and Upwards
UCVwfqPkv08OTuHzkPU3EaDw,http://www.youtube.com/channel/UCVwfqPkv08OTuHzkPU3EaDw,languagejones
UCW5OrUZ4SeUYkUg1XqcjFYA,http://www.youtube.com/channel/UCW5OrUZ4SeUYkUg1XqcjFYA,GeoWizard
UCW6xlqxSY3gGur4PkGPEUeA,http://www.youtube.com/channel/UCW6xlqxSY3gGur4PkGPEUeA,Seytonic
UCWCw2Sd7RlYJ2yuNVHDWNOA,http://www.youtube.com/channel/UCWCw2Sd7RlYJ2yuNVHDWNOA,Jim Sterling
UCWc8CackfCo4q46FpEWBcPg,http://www.youtube.com/channel/UCWc8CackfCo4q46FpEWBcPg,Jeenie.Weenie
UCWm09-QJl39OmZRrk9yJxkg,http://www.youtube.com/channel/UCWm09-QJl39OmZRrk9yJxkg,Aclopolipse: Accurate Adulting Advice
UCWukx2BDDd8jpTSjUnCd2jQ,http://www.youtube.com/channel/UCWukx2BDDd8jpTSjUnCd2jQ,Jason Farmer
UCX03_cBkk4WR9yrEB7xXfAA,http://www.youtube.com/channel/UCX03_cBkk4WR9yrEB7xXfAA,The Transportation Channel
UCX2dIyMEQMWy3AQBlq1CYXQ,http://www.youtube.com/channel/UCX2dIyMEQMWy3AQBlq1CYXQ,TéléCrayon
UCX2g2ShNtgIfFxTSdNahn0w,http://www.youtube.com/channel/UCX2g2ShNtgIfFxTSdNahn0w,Moosterton
UCX4ppwcUldlxpuiRGoT1INQ,http://www.youtube.com/channel/UCX4ppwcUldlxpuiRGoT1INQ,The Aesthetic City
UCXHu-9OBecEuKu_-JmC1o2g,http://www.youtube.com/channel/UCXHu-9OBecEuKu_-JmC1o2g,Kayfabe News
UCXIkr0SRTnZO4_QpZozvCCA,http://www.youtube.com/channel/UCXIkr0SRTnZO4_QpZozvCCA,USCSB
UCXL7BeoLvnObB0riYv5qwSg,http://www.youtube.com/channel/UCXL7BeoLvnObB0riYv5qwSg,SMOOREZ
UCXh6VKhioaeEaMQasii7IfQ,http://www.youtube.com/channel/UCXh6VKhioaeEaMQasii7IfQ,TheFlightChannel
UCXuqSBlHAE6Xw-yeJA0Tunw,http://www.youtube.com/channel/UCXuqSBlHAE6Xw-yeJA0Tunw,Linus Tech Tips
UCY3A_5R_m3PXCn5XDhvBBsg,http://www.youtube.com/channel/UCY3A_5R_m3PXCn5XDhvBBsg,Adam Millard - The Architect of Games
UCY5ioKdNQRitN707Y9ys1qQ,http://www.youtube.com/channel/UCY5ioKdNQRitN707Y9ys1qQ,Stunned By Wrestling
UCY6DpwQetygtye7GM1zVHmw,http://www.youtube.com/channel/UCY6DpwQetygtye7GM1zVHmw,tiffanyferg
UCYIzu7SOyUyDPwMgUSspRYw,http://www.youtube.com/channel/UCYIzu7SOyUyDPwMgUSspRYw,Andrew Lam
UCYLrBefhyp8YyI9VGPbghvw,http://www.youtube.com/channel/UCYLrBefhyp8YyI9VGPbghvw,Neuro Transmissions
UCYaIdC5pbkpECxXLjf0Lzaw,http://www.youtube.com/channel/UCYaIdC5pbkpECxXLjf0Lzaw,D4Darious
UCYb6v1AlX6prKl83DswM5iw,http://www.youtube.com/channel/UCYb6v1AlX6prKl83DswM5iw,History Scope
UCYbmdE5P5bin0fnM-SIcK1A,http://www.youtube.com/channel/UCYbmdE5P5bin0fnM-SIcK1A,TheVariance
UCYc9iRGgh6oHtlH-g1s96Pg,http://www.youtube.com/channel/UCYc9iRGgh6oHtlH-g1s96Pg,Magamba TV
UCYhSfbmXeRFkwNZnyMmplRg,http://www.youtube.com/channel/UCYhSfbmXeRFkwNZnyMmplRg,Spaghetti Road
UCYmhXfbQN-ROqnoErnQE-wA,http://www.youtube.com/channel/UCYmhXfbQN-ROqnoErnQE-wA,Simply Explained
UCYsV40rt86JO2cUCJxsqMZg,http://www.youtube.com/channel/UCYsV40rt86JO2cUCJxsqMZg,Apple Demo
UCZ794guEEqxS7Pyr-QT1PGQ,http://www.youtube.com/channel/UCZ794guEEqxS7Pyr-QT1PGQ,Waligug
UCZB6V9fUov0Mx_us3MWWILg,http://www.youtube.com/channel/UCZB6V9fUov0Mx_us3MWWILg,People Make Games
UCZXW8E1__d5tZb-wLFOt8TQ,http://www.youtube.com/channel/UCZXW8E1__d5tZb-wLFOt8TQ,Bog
UCZcBeMQLxvjhsW3PEYXuiAA,http://www.youtube.com/channel/UCZcBeMQLxvjhsW3PEYXuiAA,Memeable Data
UCZem9C5rWjSb0B8tV3k2EZg,http://www.youtube.com/channel/UCZem9C5rWjSb0B8tV3k2EZg,Torque Test Channel
UC_0e1271DHhRyiDIuX6B6aQ,http://www.youtube.com/channel/UC_0e1271DHhRyiDIuX6B6aQ,ThatGuyGlen
UC_OttpBEWWzSUlZbk5qmhSA,http://www.youtube.com/channel/UC_OttpBEWWzSUlZbk5qmhSA,Mia Mulder
UC_QdDflGx1D8Jh9mvQ7D8uQ,http://www.youtube.com/channel/UC_QdDflGx1D8Jh9mvQ7D8uQ,Ashley Neal
UC_Se32jLBjnOuftl1u3zfLw,http://www.youtube.com/channel/UC_Se32jLBjnOuftl1u3zfLw,Fluctus
UC_eDMzh-eDP4D76LKfIs83g,http://www.youtube.com/channel/UC_eDMzh-eDP4D76LKfIs83g,Trevor Simonson
UC_iUeUzozCHEReJ-shKcCYA,http://www.youtube.com/channel/UC_iUeUzozCHEReJ-shKcCYA,Internet Anarchist
UC_kH5ltlZdtFAY2qV_lp2xA,http://www.youtube.com/channel/UC_kH5ltlZdtFAY2qV_lp2xA,Vince Vintage
UC_oqZXtcxfJTaw1j2M1H1XQ,http://www.youtube.com/channel/UC_oqZXtcxfJTaw1j2M1H1XQ,Sauce Stache
UC_rI3y1DzDULTr-UIvshiwg,http://www.youtube.com/channel/UC_rI3y1DzDULTr-UIvshiwg,Pack Hacker
UC_vOw_uMG0TBad8PxOD-R2w,http://www.youtube.com/channel/UC_vOw_uMG0TBad8PxOD-R2w,Steph & Den
UCa1qcJbMkbk5dwTvs-va8ew,http://www.youtube.com/channel/UCa1qcJbMkbk5dwTvs-va8ew,Something Different Films
UCa962e5dqRMO1nUldwaaRMw,http://www.youtube.com/channel/UCa962e5dqRMO1nUldwaaRMw,Tailosive Tech
UCaDQ-IrcLEcK6SnlsHdWw6Q,http://www.youtube.com/channel/UCaDQ-IrcLEcK6SnlsHdWw6Q,Demi Adejuyigbe
UCaFh7XtAdL4yp0YvG2al60Q,http://www.youtube.com/channel/UCaFh7XtAdL4yp0YvG2al60Q,Vallis | Video Essays
UCaN8DZdc8EHo5y1LsQWMiig,http://www.youtube.com/channel/UCaN8DZdc8EHo5y1LsQWMiig,Big Joel
UCaTSjmqzOO-P8HmtVW3t7sA,http://www.youtube.com/channel/UCaTSjmqzOO-P8HmtVW3t7sA,Todd in the Shadows
UCaffuWQ2mLfRevosyKoz87Q,http://www.youtube.com/channel/UCaffuWQ2mLfRevosyKoz87Q,Zach Highley
UCaiL2GDNpLYH6Wokkk1VNcg,http://www.youtube.com/channel/UCaiL2GDNpLYH6Wokkk1VNcg,mCoding
UCajw8zd6DPpXOuF6d22Fjkw,http://www.youtube.com/channel/UCajw8zd6DPpXOuF6d22Fjkw,T1J
UCb0MyY46T9ZYOzDHkYnIoXg,http://www.youtube.com/channel/UCb0MyY46T9ZYOzDHkYnIoXg,Plainly Difficult
UCb31gOY6OD8ES0zP8M0GhAw,http://www.youtube.com/channel/UCb31gOY6OD8ES0zP8M0GhAw,Max Fosh
UCb72Gn5LXaLEcsOuPKGfQOg,http://www.youtube.com/channel/UCb72Gn5LXaLEcsOuPKGfQOg,DW Planet A
UCb9mpGh9PQjFXOG_irzrFoA,http://www.youtube.com/channel/UCb9mpGh9PQjFXOG_irzrFoA,How History Works
UCbHlweun5NkTVDGmeqGmwjA,http://www.youtube.com/channel/UCbHlweun5NkTVDGmeqGmwjA,ChargerLAB
UCbJGCwC2qsfRS2TIz-LNALA,http://www.youtube.com/channel/UCbJGCwC2qsfRS2TIz-LNALA,Political Psych with Abby
UCbJmpGyutglIauFO4M836gA,http://www.youtube.com/channel/UCbJmpGyutglIauFO4M836gA,Definitive Mac Upgrade Guide
UCbRP3c757lWg9M-U7TyEkXA,http://www.youtube.com/channel/UCbRP3c757lWg9M-U7TyEkXA,Theo - t3․gg
UCb_MAhL8Thb3HJ_wPkH3gcw,http://www.youtube.com/channel/UCb_MAhL8Thb3HJ_wPkH3gcw,Phil Edwards
UCbePKlapLzoLkPOjB4TYckQ,http://www.youtube.com/channel/UCbePKlapLzoLkPOjB4TYckQ,doplex
UCbmnxWToOSSmi2D3Jw_oxiQ,http://www.youtube.com/channel/UCbmnxWToOSSmi2D3Jw_oxiQ,LeanandCuisine
UCbqhSeMS4h68FvgQo-ncFHg,http://www.youtube.com/channel/UCbqhSeMS4h68FvgQo-ncFHg,The Silver Symposium
UCbuf70y__Wh3MRxZcbj778Q,http://www.youtube.com/channel/UCbuf70y__Wh3MRxZcbj778Q,Khadija Mbowe
UCbzVRTkX3bzNZuBd9In4XyA,http://www.youtube.com/channel/UCbzVRTkX3bzNZuBd9In4XyA,Modern MBA
UCcHuNKYzVMc06FXqsBEAV3A,http://www.youtube.com/channel/UCcHuNKYzVMc06FXqsBEAV3A,Jago Hazzard
UCcN3IuIAR6Fn74FWMQf6lFA,http://www.youtube.com/channel/UCcN3IuIAR6Fn74FWMQf6lFA,Science ABC
UCcPuBEAwuF6XWXkcXJXJwsg,http://www.youtube.com/channel/UCcPuBEAwuF6XWXkcXJXJwsg,This Guy Edits
UCcVv_zlSDsLrD_8SkntCVDg,http://www.youtube.com/channel/UCcVv_zlSDsLrD_8SkntCVDg,Uce Gang
UCccnyrT2NeVDzypO64Dif-A,http://www.youtube.com/channel/UCccnyrT2NeVDzypO64Dif-A,Cilvanis
UCcjhYlL1WRBjKaJsMH_h7Lg,http://www.youtube.com/channel/UCcjhYlL1WRBjKaJsMH_h7Lg,Epicurious
UCckIJbG_MpYWWwlB6QfDKXg,http://www.youtube.com/channel/UCckIJbG_MpYWWwlB6QfDKXg,Joe Santagato
UCco82nwl5frKBMJqNkr_iFw,http://www.youtube.com/channel/UCco82nwl5frKBMJqNkr_iFw,Kommander Karl
UCcsQYra-bISsFxNqnd6Javw,http://www.youtube.com/channel/UCcsQYra-bISsFxNqnd6Javw,Adam Something Else
UCct9aR7HC79Cv2g-9oDOTLw,http://www.youtube.com/channel/UCct9aR7HC79Cv2g-9oDOTLw,ReligionForBreakfast
UCcvM7fNSMn9Qm3BZnKTK8oQ,http://www.youtube.com/channel/UCcvM7fNSMn9Qm3BZnKTK8oQ,WrestlinGifs
UCcvfHa-GHSOHFAjU0-Ie57A,http://www.youtube.com/channel/UCcvfHa-GHSOHFAjU0-Ie57A,Adam Something
UCcx7yYzSC3rOhr9lSePQoeQ,http://www.youtube.com/channel/UCcx7yYzSC3rOhr9lSePQoeQ,Back to the Science
UCczAxLCL79gHXKYaEc9k-ZQ,http://www.youtube.com/channel/UCczAxLCL79gHXKYaEc9k-ZQ,IMPERIAL
UCd7ZdveLw73WAIcwaCl0rfQ,http://www.youtube.com/channel/UCd7ZdveLw73WAIcwaCl0rfQ,switch1e
UCd8da0WoXPXAsHUx4MXf7Gw,http://www.youtube.com/channel/UCd8da0WoXPXAsHUx4MXf7Gw,Fordec
UCdBK94H6oZT2Q7l0-b0xmMg,http://www.youtube.com/channel/UCdBK94H6oZT2Q7l0-b0xmMg,ShortCircuit
UCdJ9oJ2GUF8Vmb-G63ldGWg,http://www.youtube.com/channel/UCdJ9oJ2GUF8Vmb-G63ldGWg,Reactions
UCdQytVTN3EqMNcEO3m1d2Jg,http://www.youtube.com/channel/UCdQytVTN3EqMNcEO3m1d2Jg,Creator Dynamics
UCdRDNshQXxmr9DkcVVxjyag,http://www.youtube.com/channel/UCdRDNshQXxmr9DkcVVxjyag,Backpacking Bananas
UCdXTQ5fllvRWrQWWoBVj1WQ,http://www.youtube.com/channel/UCdXTQ5fllvRWrQWWoBVj1WQ,Dr. Grace Lee
UCddiUEpeqJcYeBxX1IVBKvQ,http://www.youtube.com/channel/UCddiUEpeqJcYeBxX1IVBKvQ,The Verge
UCdievj3szPeYJzqqOjsLnfQ,http://www.youtube.com/channel/UCdievj3szPeYJzqqOjsLnfQ,Noclip Crew
UCdp4_l1vPmpN-gDbUwhaRUQ,http://www.youtube.com/channel/UCdp4_l1vPmpN-gDbUwhaRUQ,Branch Education
UCdw5LiPvFgAuNoAcBa4_CsQ,http://www.youtube.com/channel/UCdw5LiPvFgAuNoAcBa4_CsQ,aisha rae
UCe5M831TebjiaSuQZkfp7LA,http://www.youtube.com/channel/UCe5M831TebjiaSuQZkfp7LA,Oats Jenkins
UCeDKIj0G5XbultKOQnacu_w,http://www.youtube.com/channel/UCeDKIj0G5XbultKOQnacu_w,José
UCeJFgNahi--FKs0oJyeRDEw,http://www.youtube.com/channel/UCeJFgNahi--FKs0oJyeRDEw,Hybrid Calisthenics
UCeM4-y5yQtrKlLKJoQNb_2A,http://www.youtube.com/channel/UCeM4-y5yQtrKlLKJoQNb_2A,Critical Dispatch
UCeQbNJs3W_smeI2t4aIu6UA,http://www.youtube.com/channel/UCeQbNJs3W_smeI2t4aIu6UA,Oliver Hester
UCeSnUQ0GmrytGJ1fY63FCow,http://www.youtube.com/channel/UCeSnUQ0GmrytGJ1fY63FCow,Nikki Howard
UCecF2icZlEIJ__9XS6woPGw,http://www.youtube.com/channel/UCecF2icZlEIJ__9XS6woPGw,Zoe Bee
UCekQr9znsk2vWxBo3YiLq2w,http://www.youtube.com/channel/UCekQr9znsk2vWxBo3YiLq2w,You Suck At Cooking
UCf4iKXL_SJQ5d0qsKkboRRQ,http://www.youtube.com/channel/UCf4iKXL_SJQ5d0qsKkboRRQ,RMTransit
UCfA54o0hJc1n7SfxYNSCafA,http://www.youtube.com/channel/UCfA54o0hJc1n7SfxYNSCafA,Econoboi
UCfCNU6LWB66VR48V58d2KOg,http://www.youtube.com/channel/UCfCNU6LWB66VR48V58d2KOg,Green Dot Aviation
UCfCZgpB-8mHgYnfEL3wcHUg,http://www.youtube.com/channel/UCfCZgpB-8mHgYnfEL3wcHUg,Haussmann
UCfHmyqCntYHQ81ZukNu66rg,http://www.youtube.com/channel/UCfHmyqCntYHQ81ZukNu66rg,Razbuten
UCfS0MWy8WgshJQpr2-4nkMg,http://www.youtube.com/channel/UCfS0MWy8WgshJQpr2-4nkMg,Stories Across
UCfcQPMZg4tNk6tKUTHbAr0g,http://www.youtube.com/channel/UCfcQPMZg4tNk6tKUTHbAr0g,How To Beat
UCfeaj3wKBda3Mt7TNaZSK3Q,http://www.youtube.com/channel/UCfeaj3wKBda3Mt7TNaZSK3Q,SANspotter
UCfgh3Ul_dG6plQ7rzuOLx-w,http://www.youtube.com/channel/UCfgh3Ul_dG6plQ7rzuOLx-w,Max0r
UCfgtNfWCtsLKutY-BHzIb9Q,http://www.youtube.com/channel/UCfgtNfWCtsLKutY-BHzIb9Q,CityNerd
UCforXMLS9ax85nHrRYLilZA,http://www.youtube.com/channel/UCforXMLS9ax85nHrRYLilZA,Yozora Blues
UCfw2hvuj40AChU7n-N-PRHA,http://www.youtube.com/channel/UCfw2hvuj40AChU7n-N-PRHA,Apple Explained
UCgAAehNg2A_8KasULszwqsw,http://www.youtube.com/channel/UCgAAehNg2A_8KasULszwqsw,Fizhy
UCgBVkKoOAr3ajSdFFLp13_A,http://www.youtube.com/channel/UCgBVkKoOAr3ajSdFFLp13_A,KRAZAM
UCgBg0aacyJnw4qUnb1FlfEQ,http://www.youtube.com/channel/UCgBg0aacyJnw4qUnb1FlfEQ,Institute of Human Anatomy
UCgHn5LN2NiQXWMLL4BO70OQ,http://www.youtube.com/channel/UCgHn5LN2NiQXWMLL4BO70OQ,Travis Gilbert
UCgIrhEUHbQnpTgeN8CIgBWQ,http://www.youtube.com/channel/UCgIrhEUHbQnpTgeN8CIgBWQ,TheStoryteller
UCgKJPhVzv8w0VaZFnS_VmaA,http://www.youtube.com/channel/UCgKJPhVzv8w0VaZFnS_VmaA,Philion
UCgKWj1pn3_7hRSFIypunYog,http://www.youtube.com/channel/UCgKWj1pn3_7hRSFIypunYog,Common Sense Skeptic
UCgNg3vwj3xt7QOrcIDaHdFg,http://www.youtube.com/channel/UCgNg3vwj3xt7QOrcIDaHdFg,PolyMatter
UCgQ7Amr6fvCJyVlCwEi1bLw,http://www.youtube.com/channel/UCgQ7Amr6fvCJyVlCwEi1bLw,Spectacles
UCgRBRE1DUP2w7HTH9j_L4OQ,http://www.youtube.com/channel/UCgRBRE1DUP2w7HTH9j_L4OQ,Medlife Crisis
UCgb_TbreMgfDdLKkr4yYJHw,http://www.youtube.com/channel/UCgb_TbreMgfDdLKkr4yYJHw,Andrew Millison
UCgi2u-lGY-2i2ubLsUr6FbQ,http://www.youtube.com/channel/UCgi2u-lGY-2i2ubLsUr6FbQ,F.D Signifier
UCgpICCtqy5eJa1o2AvdSM5Q,http://www.youtube.com/channel/UCgpICCtqy5eJa1o2AvdSM5Q,Vicarious Voyager
UCgrtRCRLtmBzle7rjJxDUsg,http://www.youtube.com/channel/UCgrtRCRLtmBzle7rjJxDUsg,Electroheads
UCh9IfI45mmk59eDvSWtuuhQ,http://www.youtube.com/channel/UCh9IfI45mmk59eDvSWtuuhQ,Ryan George
UChHhJcgQL4ABxdW-7FicM0A,http://www.youtube.com/channel/UChHhJcgQL4ABxdW-7FicM0A,The Life Of Brian Mujati
UChNWxrTlmh4IRSevon1X93g,http://www.youtube.com/channel/UChNWxrTlmh4IRSevon1X93g,The Quantified Scientist
UChrYe70o7NmDioL02PRVWVg,http://www.youtube.com/channel/UChrYe70o7NmDioL02PRVWVg,MattKC
UCi1L2mGmZR2IMCYk4S0EYrg,http://www.youtube.com/channel/UCi1L2mGmZR2IMCYk4S0EYrg,Sam Barker
UCi32RWDTwwP4ZN-UZ-HwXSw,http://www.youtube.com/channel/UCi32RWDTwwP4ZN-UZ-HwXSw,ERYNGO URBANISM
UCi5pr6jdzVMWNObsiiAYpEA,http://www.youtube.com/channel/UCi5pr6jdzVMWNObsiiAYpEA,LonerBox
UCi7tTAKHBVgegzl4K_mgEJA,http://www.youtube.com/channel/UCi7tTAKHBVgegzl4K_mgEJA,KonichiValue
UCi8C7TNs2ohrc6hnRQ5Sn2w,http://www.youtube.com/channel/UCi8C7TNs2ohrc6hnRQ5Sn2w,Programmers are also human
UCiHRg_hyyHQe_IZ-efHR5Vg,http://www.youtube.com/channel/UCiHRg_hyyHQe_IZ-efHR5Vg,Pinely
UCiTgRcnZs--vFScAQtRH5QA,http://www.youtube.com/channel/UCiTgRcnZs--vFScAQtRH5QA,Fads
UCii9ezsUa_mBiSdw0PtSOaw,http://www.youtube.com/channel/UCii9ezsUa_mBiSdw0PtSOaw,Hoog
UCilNETwoyWx5lJTmzE4p7HQ,http://www.youtube.com/channel/UCilNETwoyWx5lJTmzE4p7HQ,For Harriet
UCj74rJ9Lgl3WTngq675wxKg,http://www.youtube.com/channel/UCj74rJ9Lgl3WTngq675wxKg,Noodle
UCj9IJ2QvygoBJKSOnUgXIRA,http://www.youtube.com/channel/UCj9IJ2QvygoBJKSOnUgXIRA,PhilsComputerLab
UCjD2KyAEm84yVH8cTilID7Q,http://www.youtube.com/channel/UCjD2KyAEm84yVH8cTilID7Q,Cracked
UCjP-MiAEn9DPvUHNyGEs7Wg,http://www.youtube.com/channel/UCjP-MiAEn9DPvUHNyGEs7Wg,hochelaga
UCjZSIhY9uDPESSQF0hQbUqA,http://www.youtube.com/channel/UCjZSIhY9uDPESSQF0hQbUqA,Yellowbird
UCjZywOoUOSGms-EiguDMHDg,http://www.youtube.com/channel/UCjZywOoUOSGms-EiguDMHDg,Ash Tanya
UCjaBxCyjLpIRyKOd8uw_S4w,http://www.youtube.com/channel/UCjaBxCyjLpIRyKOd8uw_S4w,Dr Gilbz
UCjbGlMseKpcSgoWqh4dwEag,http://www.youtube.com/channel/UCjbGlMseKpcSgoWqh4dwEag,Deja Deja Comedy
UCjsaK_yj91GvnnIJUlEA-Vw,http://www.youtube.com/channel/UCjsaK_yj91GvnnIJUlEA-Vw,ThisGenGaming
UCjw9YUv4UoA3d0V_Pc6zLTQ,http://www.youtube.com/channel/UCjw9YUv4UoA3d0V_Pc6zLTQ,Brick Immortar
UCk52qSNJjjo9ftWT4LKrsZA,http://www.youtube.com/channel/UCk52qSNJjjo9ftWT4LKrsZA,A Life After Layoff
UCkCGANrihzExmu9QiqZpPlQ,http://www.youtube.com/channel/UCkCGANrihzExmu9QiqZpPlQ,How Money Works
UCkEeNJue8P7moYZm0Ptrn5A,http://www.youtube.com/channel/UCkEeNJue8P7moYZm0Ptrn5A,Business Stories
UCkozSCYe1posLlfjUhaJOkw,http://www.youtube.com/channel/UCkozSCYe1posLlfjUhaJOkw,Magic Secrets Revealed
UCl4R4M9YVfYjjPmILU2Ie1A,http://www.youtube.com/channel/UCl4R4M9YVfYjjPmILU2Ie1A,1420 by Daniil Orain
UCl55RXWOmaS4u-ShlhN0BDw,http://www.youtube.com/channel/UCl55RXWOmaS4u-ShlhN0BDw,How to Build the World
UClDReYqPTxRLlVG6PsP-c0g,http://www.youtube.com/channel/UClDReYqPTxRLlVG6PsP-c0g,Whatisnuclear.com
UClHVl2N3jPEbkNJVx-ItQIQ,http://www.youtube.com/channel/UClHVl2N3jPEbkNJVx-ItQIQ,HealthyGamerGG
UClOnJwSzSOKMh_tvCkIFRbQ,http://www.youtube.com/channel/UClOnJwSzSOKMh_tvCkIFRbQ,Fredo on TV
UClRwC5Vc8HrB6vGx6Ti-lhA,http://www.youtube.com/channel/UClRwC5Vc8HrB6vGx6Ti-lhA,Technology Connextras
UClcE-kVhqyiHCcjYwcpfj9w,http://www.youtube.com/channel/UClcE-kVhqyiHCcjYwcpfj9w,LiveOverflow
UCljE1ODdSF7LS9xx9eWq0GQ,http://www.youtube.com/channel/UCljE1ODdSF7LS9xx9eWq0GQ,potholer54
UClqS6uUWCZRgA8hacOKRjLA,http://www.youtube.com/channel/UClqS6uUWCZRgA8hacOKRjLA,TyFrom99
UClsFdM0HzTdF1JYoraQ0aUw,http://www.youtube.com/channel/UClsFdM0HzTdF1JYoraQ0aUw,Brick Experiment Channel
UClu8Q445-ZAG1dzzP1mHiAw,http://www.youtube.com/channel/UClu8Q445-ZAG1dzzP1mHiAw,Engineering with Rosie
UClv4MtTHsgT2KjEXWLR2-Rg,http://www.youtube.com/channel/UClv4MtTHsgT2KjEXWLR2-Rg,veritas et caritas
UCm9K6rby98W8JigLoZOh6FQ,http://www.youtube.com/channel/UCm9K6rby98W8JigLoZOh6FQ,LockPickingLawyer
UCmGSJVG3mCRXVOP4yZrU1Dw,http://www.youtube.com/channel/UCmGSJVG3mCRXVOP4yZrU1Dw,Johnny Harris
UCmHAVcXFFUcFRI7Gs4HQ6Kg,http://www.youtube.com/channel/UCmHAVcXFFUcFRI7Gs4HQ6Kg,amandamaryanna
UCmMd4bFn_1k0JjvOCijTB7A,http://www.youtube.com/channel/UCmMd4bFn_1k0JjvOCijTB7A,Nikolaj And Simon Talks
UCmV-Nf7LCEc4GyGhyYW5Tyg,http://www.youtube.com/channel/UCmV-Nf7LCEc4GyGhyYW5Tyg,Katherout
UCmYesELO6axBrCuSpf7S9DQ,http://www.youtube.com/channel/UCmYesELO6axBrCuSpf7S9DQ,Mr. Beat
UCmaAmblhjc687PzdEq-ZEmg,http://www.youtube.com/channel/UCmaAmblhjc687PzdEq-ZEmg,GIDZA
UCmb8hO2ilV9vRa8cilis88A,http://www.youtube.com/channel/UCmb8hO2ilV9vRa8cilis88A,Thunderf00t
UCmeJyyFb-SQSRGSUMF-GmVA,http://www.youtube.com/channel/UCmeJyyFb-SQSRGSUMF-GmVA,Pike Productions
UCmoH8DZchQKndvqoROWLLUQ,http://www.youtube.com/channel/UCmoH8DZchQKndvqoROWLLUQ,Moos2erton
UCn7DCb9ttrcw9h3vh9dfnVw,http://www.youtube.com/channel/UCn7DCb9ttrcw9h3vh9dfnVw,Let's ask Shogo | Your Japanese friend in Kyoto
UCnLxFpGiCi-u3RLx9uF8bOg,http://www.youtube.com/channel/UCnLxFpGiCi-u3RLx9uF8bOg,Russell Howard
UCnUYZLuoy1rq1aVMwx4aTzw,http://www.youtube.com/channel/UCnUYZLuoy1rq1aVMwx4aTzw,Google Chrome Developers
UCnZeeKO8qVdtkrA4-uKhtTw,http://www.youtube.com/channel/UCnZeeKO8qVdtkrA4-uKhtTw,Animagraffs
UCnmEz-Q8w4meSGoQdd-cQBw,http://www.youtube.com/channel/UCnmEz-Q8w4meSGoQdd-cQBw,Paper Skies
UCo6F7DjILD7tu9BEllVU9iw,http://www.youtube.com/channel/UCo6F7DjILD7tu9BEllVU9iw,Faultline
UCo6JSNp6SuUKf-yiaBQReNA,http://www.youtube.com/channel/UCo6JSNp6SuUKf-yiaBQReNA,Telltale Fireside Chat
UCo856Gg0kHYDNh_p60bXS7g,http://www.youtube.com/channel/UCo856Gg0kHYDNh_p60bXS7g,MixMorris
UCoDZCMPN42eyaXsyUAm4iIg,http://www.youtube.com/channel/UCoDZCMPN42eyaXsyUAm4iIg,VGOLOGY
UCoLUji8TYrgDy74_iiazvYA,http://www.youtube.com/channel/UCoLUji8TYrgDy74_iiazvYA,Jarvis Johnson
UCoSw1rKMkCbwzKpkC0OjRKA,http://www.youtube.com/channel/UCoSw1rKMkCbwzKpkC0OjRKA,Erika Kullberg
UCoUxsWakJucWg46KW5RsvPw,http://www.youtube.com/channel/UCoUxsWakJucWg46KW5RsvPw,Financial Times
UCoegjevc7bo_j7ELrQCXHyw,http://www.youtube.com/channel/UCoegjevc7bo_j7ELrQCXHyw,Sunn m'Cheaux
UCoil_VoKvJY4kdlBOZv974w,http://www.youtube.com/channel/UCoil_VoKvJY4kdlBOZv974w,ConnorDawg
UCokMLFoAVItO-Yy8dZesMdA,http://www.youtube.com/channel/UCokMLFoAVItO-Yy8dZesMdA,Japanese Comedian Meshida
UCovVc-qqwYp8oqwO3Sdzx7w,http://www.youtube.com/channel/UCovVc-qqwYp8oqwO3Sdzx7w,74 Gear
UCov_51F0betb6hJ6Gumxg3Q,http://www.youtube.com/channel/UCov_51F0betb6hJ6Gumxg3Q,AI and Games
UCovagaiL6pBYWfvThaXVniA,http://www.youtube.com/channel/UCovagaiL6pBYWfvThaXVniA,Samuel Nam
UCoxWOcYauSZhFX6nqiG0QyA,http://www.youtube.com/channel/UCoxWOcYauSZhFX6nqiG0QyA,Business Booth
UCpA8SRNrqDpq3Ad7lOCfCLg,http://www.youtube.com/channel/UCpA8SRNrqDpq3Ad7lOCfCLg,About Here
UCpAJ1qn48FbNjrscTdNZ6iw,http://www.youtube.com/channel/UCpAJ1qn48FbNjrscTdNZ6iw,Gokudoni
UCpE5VksCvp6lk35MJYlRs5Q,http://www.youtube.com/channel/UCpE5VksCvp6lk35MJYlRs5Q,Josh & Archie
UCpIcLW8YOY1kL_6J0TzDBGA,http://www.youtube.com/channel/UCpIcLW8YOY1kL_6J0TzDBGA,Aime Maggie
UCpM4zrZ9c_apiEj6CApj2yw,http://www.youtube.com/channel/UCpM4zrZ9c_apiEj6CApj2yw,Found And Explained
UCpSy6fz3rORXNrsodFo3mFQ,http://www.youtube.com/channel/UCpSy6fz3rORXNrsodFo3mFQ,Clifford Owusu
UCpZy-Hfqcxf-R7nQzlv9Bvw,http://www.youtube.com/channel/UCpZy-Hfqcxf-R7nQzlv9Bvw,Brandon Butch
UCpa-Zb0ZcQjTCPP1Dx_1M8Q,http://www.youtube.com/channel/UCpa-Zb0ZcQjTCPP1Dx_1M8Q,LegalEagle
UCpawk6aEKblSZde6AYKQHSQ,http://www.youtube.com/channel/UCpawk6aEKblSZde6AYKQHSQ,Jo Franco
UCphTF9wHwhCt-BzIq-s4V-g,http://www.youtube.com/channel/UCphTF9wHwhCt-BzIq-s4V-g,What If
UCps7ALyzFBfCf2euc7RjTBA,http://www.youtube.com/channel/UCps7ALyzFBfCf2euc7RjTBA,Tanjim The Tech Guy
UCpsN2TfWGmun4peN2IPgcKg,http://www.youtube.com/channel/UCpsN2TfWGmun4peN2IPgcKg,reubs
UCptwuAv0XQHo1OQUSaO6NHw,http://www.youtube.com/channel/UCptwuAv0XQHo1OQUSaO6NHw,Max Tech
UCpwbkZqdyROeDMy40CPshsg,http://www.youtube.com/channel/UCpwbkZqdyROeDMy40CPshsg,Thomas Y
UCq6aw03lNILzV96UvEAASfQ,http://www.youtube.com/channel/UCq6aw03lNILzV96UvEAASfQ,bill wurtz
UCqBiWcuTF8IaLH7wBqnihsQ,http://www.youtube.com/channel/UCqBiWcuTF8IaLH7wBqnihsQ,toldinstone
UCqBvyjQOrXPcwSpvfovjREg,http://www.youtube.com/channel/UCqBvyjQOrXPcwSpvfovjREg,Drew Lynch
UCqJ-Xo29CKyLTjn6z2XwYAw,http://www.youtube.com/channel/UCqJ-Xo29CKyLTjn6z2XwYAw,Game Maker's Toolkit
UCqNpjt_UcMPgm_9gphZgHYA,http://www.youtube.com/channel/UCqNpjt_UcMPgm_9gphZgHYA,münecat
UCqSVe5zYUMvAeGLoIBEISOA,http://www.youtube.com/channel/UCqSVe5zYUMvAeGLoIBEISOA,Dollars & Debt: The Story of Money
UCqVEHtQoXHmUCfJ-9smpTSg,http://www.youtube.com/channel/UCqVEHtQoXHmUCfJ-9smpTSg,Answer in Progress
UCqWDIKOQgGKNJsikOXdS-GQ,http://www.youtube.com/channel/UCqWDIKOQgGKNJsikOXdS-GQ,Connor Quimby
UCqik3kGCGAaZFV64Evm4qSQ,http://www.youtube.com/channel/UCqik3kGCGAaZFV64Evm4qSQ,Prince of Travel
UCqmugCqELzhIMNYnsjScXXw,http://www.youtube.com/channel/UCqmugCqELzhIMNYnsjScXXw,Vsauce2
UCqwxJts-6yF33rupyF_DCsA,http://www.youtube.com/channel/UCqwxJts-6yF33rupyF_DCsA,Life Where I'm From
UCqzx1G2KOMYZlRCQmZrx4QA,http://www.youtube.com/channel/UCqzx1G2KOMYZlRCQmZrx4QA,Traines
UCrA2bqOHwjX1DxgP9CaVJzw,http://www.youtube.com/channel/UCrA2bqOHwjX1DxgP9CaVJzw,Lenarr Young
UCrCTC5_t-HaVJ025DbYITiw,http://www.youtube.com/channel/UCrCTC5_t-HaVJ025DbYITiw,Alice Cappelle
UCrLe85KbtkqnnSnIVc-KLjA,http://www.youtube.com/channel/UCrLe85KbtkqnnSnIVc-KLjA,Nonstop Dan
UCr_Q-bPpcw5fJ-Oow1BW1NQ,http://www.youtube.com/channel/UCr_Q-bPpcw5fJ-Oow1BW1NQ,Kraut
UCrdWRLq10OHuy7HmSckV3Vg,http://www.youtube.com/channel/UCrdWRLq10OHuy7HmSckV3Vg,Nathaniel Drew
UCrsLPlwxUInDoNubOP85EWQ,http://www.youtube.com/channel/UCrsLPlwxUInDoNubOP85EWQ,Coderized
UCrtKfnBo63rVgj5zJPnkOkQ,http://www.youtube.com/channel/UCrtKfnBo63rVgj5zJPnkOkQ,Mr Mitchell History
UCrx2zrPjhGRi9TwszZiLwEg,http://www.youtube.com/channel/UCrx2zrPjhGRi9TwszZiLwEg,Seasons 
UCs-erbeCJNu-NqSoQ80w9fQ,http://www.youtube.com/channel/UCs-erbeCJNu-NqSoQ80w9fQ,SagaTheYoungin
UCs0uXl-w0672ni8pS3UDXsQ,http://www.youtube.com/channel/UCs0uXl-w0672ni8pS3UDXsQ,All About Climate
UCsQLTECz1bCA56JIryaw-lA,http://www.youtube.com/channel/UCsQLTECz1bCA56JIryaw-lA,Jeb Brooks
UCsaGKqPZnGp_7N80hcHySGQ,http://www.youtube.com/channel/UCsaGKqPZnGp_7N80hcHySGQ,Tasting History with Max Miller
UCsnEJAjrwfuU7T2yYv00WsA,http://www.youtube.com/channel/UCsnEJAjrwfuU7T2yYv00WsA,Kevduit
UCsnGwSIHyoYN0kiINAGUKxg,http://www.youtube.com/channel/UCsnGwSIHyoYN0kiINAGUKxg,Wolfgang's Channel
UCsooa4yRKGN_zEE8iknghZA,http://www.youtube.com/channel/UCsooa4yRKGN_zEE8iknghZA,TED-Ed
UCsp9WlSQlTuPuXhKAqMoWXw,http://www.youtube.com/channel/UCsp9WlSQlTuPuXhKAqMoWXw,Nigerian Urbanism
UCt7oj318jVQi7vRbc1bNjJA,http://www.youtube.com/channel/UCt7oj318jVQi7vRbc1bNjJA,HONEST GUIDE
UCtESv1e7ntJaLJYKIO1FoYw,http://www.youtube.com/channel/UCtESv1e7ntJaLJYKIO1FoYw,Periodic Videos
UCtSS7AXSGeEvJa44BbXHniw,http://www.youtube.com/channel/UCtSS7AXSGeEvJa44BbXHniw,Market Insider
UCtZO3K2p8mqFwiKWb9k7fXA,http://www.youtube.com/channel/UCtZO3K2p8mqFwiKWb9k7fXA,TechAltar
UCt_0qjzmxopG3leL3OuvlFQ,http://www.youtube.com/channel/UCt_0qjzmxopG3leL3OuvlFQ,NationSquid
UCt_t6FwNsqr3WWoL6dFqG9w,http://www.youtube.com/channel/UCt_t6FwNsqr3WWoL6dFqG9w,BrainCraft
UCtqNMOFerlGydw5hstlLfFQ,http://www.youtube.com/channel/UCtqNMOFerlGydw5hstlLfFQ,WorkSafeBC
UCtuO2h6OwDueF7h3p8DYYjQ,http://www.youtube.com/channel/UCtuO2h6OwDueF7h3p8DYYjQ,Theo Rants
UCtxJFU9DgUhfr2J2bveCHkQ,http://www.youtube.com/channel/UCtxJFU9DgUhfr2J2bveCHkQ,Verge Science
UCtyKrOwWmYAqsrp0WfC-oiw,http://www.youtube.com/channel/UCtyKrOwWmYAqsrp0WfC-oiw,Tap Out Corner
UCu-3YlvaBS4bsya-1eFi62w,http://www.youtube.com/channel/UCu-3YlvaBS4bsya-1eFi62w,Kirby Ferguson
UCu3bnzYWiqDi0uGPmnqviZQ,http://www.youtube.com/channel/UCu3bnzYWiqDi0uGPmnqviZQ,Certified Amateurs
UCu4C8c3h9SKdkxnOwIAiHeA,http://www.youtube.com/channel/UCu4C8c3h9SKdkxnOwIAiHeA,Emma Cruises
UCuCkxoKLYO_EQ2GeFtbM_bw,http://www.youtube.com/channel/UCuCkxoKLYO_EQ2GeFtbM_bw,Half as Interesting
UCuGCgnjI4vXDsIx1wANsdFw,http://www.youtube.com/channel/UCuGCgnjI4vXDsIx1wANsdFw,Pumpo
UCuJfG_GNT9WfsM1VCLBH_PQ,http://www.youtube.com/channel/UCuJfG_GNT9WfsM1VCLBH_PQ,OnPointFresh
UCuL-5ytBmu6KG0BwjSFaD0g,http://www.youtube.com/channel/UCuL-5ytBmu6KG0BwjSFaD0g,NOT ANOTHER COOKING SHOW
UCuQprr9BORdW-vsHPZ796ZA,http://www.youtube.com/channel/UCuQprr9BORdW-vsHPZ796ZA,Jordan Harrod Vlogs
UCuTgY7OQxyvQ3XSMzs9wPmA,http://www.youtube.com/channel/UCuTgY7OQxyvQ3XSMzs9wPmA,Kamome
UCuVLG9pThvBABcYCm7pkNkA,http://www.youtube.com/channel/UCuVLG9pThvBABcYCm7pkNkA,Climate Town
UCuVxaQDraOja6xKidcmoufA,http://www.youtube.com/channel/UCuVxaQDraOja6xKidcmoufA,Polygon
UCucveWeDSEtuiQEnLzHl0lw,http://www.youtube.com/channel/UCucveWeDSEtuiQEnLzHl0lw,DoVe_7
UCuiD8QF3BdtT5EkVYSCvnkA,http://www.youtube.com/channel/UCuiD8QF3BdtT5EkVYSCvnkA,jack pockets
UCuzzuTQH0FTqNg2LGT8QS0Q,http://www.youtube.com/channel/UCuzzuTQH0FTqNg2LGT8QS0Q,Mrs Eats
UCv0jmyEcRipJqGV2i-P2jhA,http://www.youtube.com/channel/UCv0jmyEcRipJqGV2i-P2jhA,SHUNchan
UCv2LNRhF34_v1VNC08ZuooA,http://www.youtube.com/channel/UCv2LNRhF34_v1VNC08ZuooA,Shelbizleee
UCvISE7GgoP8-x5WZzECSwvw,http://www.youtube.com/channel/UCvISE7GgoP8-x5WZzECSwvw,Josh Brett
UCvcEBQ0K3UsQ8bzWKHKQmbw,http://www.youtube.com/channel/UCvcEBQ0K3UsQ8bzWKHKQmbw,struthless
UCvulgQYQPPUMwCs7tKMXO0g,http://www.youtube.com/channel/UCvulgQYQPPUMwCs7tKMXO0g,Adrian Gray Comedy
UCw03U5DZGLqvv5elJvXvR0Q,http://www.youtube.com/channel/UCw03U5DZGLqvv5elJvXvR0Q,Bread Boys
UCw95T_TgbGHhTml4xZ9yIqg,http://www.youtube.com/channel/UCw95T_TgbGHhTml4xZ9yIqg,The Vintage Space
UCwAZXPwm2jPxf8tChJIKpfQ,http://www.youtube.com/channel/UCwAZXPwm2jPxf8tChJIKpfQ,LEJ
UCwJDu4rrVowyI7y74cddEJA,http://www.youtube.com/channel/UCwJDu4rrVowyI7y74cddEJA,Ewannnawe
UCwOqQK15DeKovRQt8qynF0A,http://www.youtube.com/channel/UCwOqQK15DeKovRQt8qynF0A,Kaiser Williams
UCwkDQ8tE_3UhB8LcnvUv0Fw,http://www.youtube.com/channel/UCwkDQ8tE_3UhB8LcnvUv0Fw,Bosnian Ape Society
UCwpHKudUkP5tNgmMdexB3ow,http://www.youtube.com/channel/UCwpHKudUkP5tNgmMdexB3ow,Mentour Pilot
UCx39RKOtW58DeW232Aaq_aw,http://www.youtube.com/channel/UCx39RKOtW58DeW232Aaq_aw,cities4people
UCx5aPaE__ZZYm6iQWxx17NA,http://www.youtube.com/channel/UCx5aPaE__ZZYm6iQWxx17NA,The Rural Urbanist
UCxFWzKZa74SyAqpJyVlG5Ew,http://www.youtube.com/channel/UCxFWzKZa74SyAqpJyVlG5Ew,Kat Blaque
UCxKiekC39Cj5_p0_1WItCTA,http://www.youtube.com/channel/UCxKiekC39Cj5_p0_1WItCTA,Hames Joffmann
UCxLYtICsUCWdr1YPrj5DtwA,http://www.youtube.com/channel/UCxLYtICsUCWdr1YPrj5DtwA,Ordinary Things
UCxbRHP66thn1Ka3JC8O3dqA,http://www.youtube.com/channel/UCxbRHP66thn1Ka3JC8O3dqA,Kimberly Nicole Foster
UCxkM67T_Iele-mRVUiBkRqg,http://www.youtube.com/channel/UCxkM67T_Iele-mRVUiBkRqg,Jet Lag: The Game
UCxrqVfm7FUHSkboVbp1dr7w,http://www.youtube.com/channel/UCxrqVfm7FUHSkboVbp1dr7w,Reluctant Anarchist
UCxt2r57cLastdmrReiQJkEg,http://www.youtube.com/channel/UCxt2r57cLastdmrReiQJkEg,Tom Nicholas
UCxxw51w9d_utTp0VNyyG9IA,http://www.youtube.com/channel/UCxxw51w9d_utTp0VNyyG9IA,aini
UCy0Pr5u-MwGXXzp_GDd4m_g,http://www.youtube.com/channel/UCy0Pr5u-MwGXXzp_GDd4m_g,Julie Nolke
UCy0tKL1T7wFoYcxCe0xjN6Q,http://www.youtube.com/channel/UCy0tKL1T7wFoYcxCe0xjN6Q,Technology Connections
UCy2_huIuBrz6pBAd9kaB-gw,http://www.youtube.com/channel/UCy2_huIuBrz6pBAd9kaB-gw,Mitchell Diedrich
UCyEA3vUnlpg0xzkECEq1rOA,http://www.youtube.com/channel/UCyEA3vUnlpg0xzkECEq1rOA,My Name Is Andong
UCyG53MFcI-iV40SqeybzYoA,http://www.youtube.com/channel/UCyG53MFcI-iV40SqeybzYoA,GlobeTrotting at Dj's Aviation
UCyNtlmLB73-7gtlBz00XOQQ,http://www.youtube.com/channel/UCyNtlmLB73-7gtlBz00XOQQ,Folding Ideas
UCyQrL08LlvUHcl6snYDfo7g,http://www.youtube.com/channel/UCyQrL08LlvUHcl6snYDfo7g,introvertedmadness
UCyWDmyZRjrGHeKF-ofFsT5Q,http://www.youtube.com/channel/UCyWDmyZRjrGHeKF-ofFsT5Q,Internet Comment Etiquette with Erik
UCy_QZ1EEY4S5YT6cmBTwMwg,http://www.youtube.com/channel/UCy_QZ1EEY4S5YT6cmBTwMwg,Name Explain
UCydcPiZWnDF5RpODpQ0w5vg,http://www.youtube.com/channel/UCydcPiZWnDF5RpODpQ0w5vg,Yukon
UCyeWE5ok9X5saI8nnC31Acw,http://www.youtube.com/channel/UCyeWE5ok9X5saI8nnC31Acw,Alex Davis
UCyjLtNOpUsPzJcudxNYpoaQ,http://www.youtube.com/channel/UCyjLtNOpUsPzJcudxNYpoaQ,AttorneyTom
UCyzhQNU41QSPoBOYsFR0kBQ,http://www.youtube.com/channel/UCyzhQNU41QSPoBOYsFR0kBQ,Maria Pace
UCz9mH-PsyV4ZuMGAQqeS8IQ,http://www.youtube.com/channel/UCz9mH-PsyV4ZuMGAQqeS8IQ,Tapakapa
UCzEDOcAUA4J4GuXrT_9nVnQ,http://www.youtube.com/channel/UCzEDOcAUA4J4GuXrT_9nVnQ,Weiwen Leung
UCzEy7pi3B7TIS9cn_sdKK9A,http://www.youtube.com/channel/UCzEy7pi3B7TIS9cn_sdKK9A,GrayStillPlays
UCzQ1L-wzA_1qmLf49ey9iTQ,http://www.youtube.com/channel/UCzQ1L-wzA_1qmLf49ey9iTQ,DSLRguide
UCzb-6smlTg5UPirLdsdQ_cQ,http://www.youtube.com/channel/UCzb-6smlTg5UPirLdsdQ_cQ,Foil Arms and Hog
UCzuKzSNb8hGV9DsqIBUb79w,http://www.youtube.com/channel/UCzuKzSNb8hGV9DsqIBUb79w,Wingin’ It! Paul Lucas
UCzvoUDoDu-cKIb11rg4ODDQ,http://www.youtube.com/channel/UCzvoUDoDu-cKIb11rg4ODDQ,Holy Koolaid
UCzyh48nlUsGIzK6mOrtyoRQ,http://www.youtube.com/channel/UCzyh48nlUsGIzK6mOrtyoRQ,Misinformed
